,2015/12/03 14:14:35
1,Dizzy?,2004632,0
2,こずえる?,1314142,0
3,Yosshiー☆,1234567,0
4,るるのの??,1147764,0
5,めいぷる??,954653,0
6,ポコポコ,736061,0
7,はーりぃ☆彡,645084,0
8,ネコひめ?,605849,0
9,おしよ,555790,0
10,じゅん☆彡×,515344,0
11,干しきのこ?,500370,0
12,ばらっち??,473823,0
13,ゆきりん??,461484,0
14,mikuお任せ×,444249,0
15,よしえ貢献停止中,438647,0
16,FeMi9×,430000,0
17,馬券師池田,420000,0
18,なおたん??,407958,0
19,とも?のじはよ！,388379,0
20,チェルオ,379936,0
21,アルル,374327,0
22,かぶきん♪,369060,0
23,ハウル????*,367191,0
24,志村、後ろー！！,366490,0
25,カリーナ?,366400,0
26,昭希,364354,0
27,ネココ,362758,0
28,しのん????,362566,0
29,マツ?×,357363,0
30,きんぐ☆連鎖反応,350235,0
31,κυυ?のじ@1,348066,0
32,お琴?,346586,0
33,ポンちゃん?,345984,0
34,ぱぱたん×,345456,0
35,キラキラ,338924,0
36,te?chi,333333,0
37,ちゃい,332963,0
38,キュア,329676,0
39,しゅう,328854,0
40,マッチ・マン,327274,0
41,愛?,320703,0
42,ワンポ,319510,0
43,壺?♪メン募?,314355,0
44,Linda??,313747,0
45,べる×,312776,0
46,がちむち親方,310900,0
47,リリス＊BT待ち,310231,0
48,ぷよおやじ∞,310222,0
49,栄枯盛衰??,306406,0
50,すず??,305244,0
51,リバウンドおう,302457,0
52,かよちん?◯?,300769,0
53,勇?Clair,300378,0
54,さぁや×,300003,0
55,のり兄??,296143,0
56,ﾘﾗｸﾏｺ?,295168,0
57,ちょこ,295001,0
58,紅維,292878,0
59,牛歩もんじゃ,291710,0
60,*りん*,289841,0
61,St,289448,0
62,NY999,288071,0
63,ひ＊仕事の鬼化×,286833,0
64,せいろん×,286505,0
65,ゆかまま,285771,0
66,もねちん?,285367,0
67,ゆず,284868,0
68,☆mao20☆,280488,0
69,べんべん,279499,0
70,こうちゃん×,278064,0
71,ぽちゲリオン,278009,0
72,どらごん,277137,0
73,龍王♯1,274518,0
74,ゴリ男　×,274402,0
75,手羽先！,274044,0
76,NY55,273864,0
77,omen,272925,0
78,もぐ。　,272885,0
79,工藤新一,272775,0
80,ヒロシ,272560,0
81,Sora☆,271899,0
82,なっくん?,270180,0
83,katsu,270133,0
84,エミリオ,270000,0
85,みなとん†,269734,0
86,のんみー?Ｌ×,269627,0
87,ゆき,269312,0
88,N??,268700,0
89,しろたんΦωΦ,268118,0
90,ましゅ★彡,266736,0
91,あつみ×,266710,0
92,のり?,266179,0
93,ようすけ,265524,0
94,大河?彡,265053,0
95,ゆかちん?,265025,0
96,いっしー×,263811,0
97,サンダーバード,263744,0
98,ぴろし?,262900,0
99,マーニャン=ω=,262840,0
100,??ちゃるち??,262189,0
101,のりたま?,261925,0
102,無銘刀[禊],261762,0
103,EL?,261627,0
104,でじたつ,261304,0
105,まとー1,260864,0
106,もりたん,260823,0
107,ein@剣闘うし,260668,0
108,ケイ△仕事,260000,0
109,真央?LovE?,259745,0
110,黒い寿司屋,259578,0
111,?ご陽気なん?,259468,0
112,ひろちゃん☆彡,259305,0
113,ねす,259170,0
114,ｒｏｋｏ,259114,0
115,アミュテール,258874,0
116,アーリ@,258601,0
117,タケ,258066,0
118,☆×8,258049,0
119,きみみ★,257939,0
120,希の字,257901,0
121,キノコ狩り中20,257714,0
122,MKO,257634,0
123,のぞみ,257619,0
124,じゅん?,257084,0
125,がくとりん×,257000,0
126,ゆっこ†のじ↑1,256995,0
127,モカ,256696,0
128,エビ?祝2周年?,256695,0
129,ひろみ,256692,0
130,AKI同じ穴の?,256354,0
131,とも,256168,0
132,kody-,255982,0
133,だにー×,255675,0
134,ラス,255562,0
135,うまちゃん,255429,0
136,まきこ,255352,0
137,はま?,254741,0
138,オズ,254740,0
139,るん＊早朝?,254143,0
140,おのりさ,254058,0
141,?ジュリアラ?,253832,0
142,*dairi*,253748,0
143,あさ,253673,0
144,蜘蛛∞あこらぶ∞,253549,0
145,ぱぱ♪,253536,0
146,???☆,253488,0
147,激から？LTE,253480,0
148,フユニャン,253423,0
149,SAMTIN,253232,0
150,セバスチャン,253156,0
151,deco,253141,0
152,天　×,252841,0
153,みゃー☆,252833,0
154,ルーシィ,252796,0
155,黎2/7,252785,0
156,女帝かぼす?,252704,0
157,栽培@15,252624,0
158,マイマイ,252458,0
159,しまっち21,252451,0
160,クロ@陽だまり募,252280,0
161,かず,252230,0
162,九愚連◇会長,252162,0
163,デメテル,252119,0
164,としちん×,252024,0
165,ナナシー,252012,0
166,黒?狐,251988,0
167,?リスのしっぽ?,251970,0
168,けんつゐ,251899,0
169,★?ティア?★,251883,0
170,あんず,251836,0
171,ももんじゃん,251708,0
172,らっP?×,251667,0
173,ロイ,251509,0
174,ひでこ危機一髪,251496,0
175,イカ,251449,0
176,?星輝子_,251417,0
177,チュンチュン,251363,0
178,おちょーん★,251299,0
179,パンくずヽ´ω`,251267,0
180,あきっちg,251147,0
181,国定,251098,0
182,KEN☆彡,250943,0
183,けんけん,250774,0
184,まゆ?Clair,250722,0
185,(?´?`?),250649,0
186,のり茶☆×,250632,0
187,こまつ?,250616,0
188,So@陽だまり募,250596,0
189,?勝しゃんド,250453,0
190,としぼう♪♪,250437,0
191,かずのこ,250419,0
192,ゆうじーにょ12,250234,0
193,ぶぅちゃん,250215,0
194,alte,250188,0
195,FRISK♪,250073,0
196,まちゃん?,250071,0
197,ぱｍだｘ,250003,0
198,しりうす,250000,0
199,結奈♀紫特化,249980,0
200,ayu…,249959,0
201,おっおちゃん??,249947,0
202,アルマーニ,249758,0
203,ママ11/51,249666,0
204,クテイ,249522,0
205,しば,249458,0
206,珍三,249422,0
207,WING?×,249339,0
208,じょい,249285,0
209,デーモン政×,249209,0
210,んにゃ,249195,0
211,戸前,249135,0
212,しんたろ?,249110,0
213,?悟空＊いちご,249095,0
214,とく×,249032,0
215,まつげ,249004,0
216,れん,248978,0
217,紫陽花,248976,0
218,りくみく,248900,0
219,はまなか×,248725,0
220,鷹の目のばじる?,248630,0
221,?きのこ鍋?,248604,0
222,一堂零◯,248528,0
223,アンナ?,248500,0
224,ミュウ,248493,0
225,シン,248477,0
226,づらたん,248455,0
227,ヴェロニカ,248407,0
228,るかるもん,248283,0
229,むーたん,248045,0
230,りょう×,248020,0
231,luck,247983,0
232,ちゃばた,247800,0
233,くまーもん?,247663,0
234,はるたん?×,247598,0
235,まむ×,247440,0
236,けい,247365,0
237,o-k-,247331,0
238,マユ@LovE?,247282,0
239,おぎ,247260,0
240,?LUNA?,247240,0
241,重要！板確認,247237,0
242,キヨリーヌ,247212,0
243,かん,247201,0
244,星パプリス×,247051,0
245,ぽこL感謝??,247045,0
246,遊佐続光,246983,0
247,ぱっくん×,246972,0
248,卓己,246933,0
249,まい,246912,0
250,ハムスター,246773,0
251,柳川ゆう,246734,0
252,之,246699,0
253,まさみん☆L○,246597,0
254,celica?,246445,0
255,キダムスキー♪,246395,0
256,Wみーちゃん?,246292,0
257,ちょたぽん?,246217,0
258,?とこたと,246128,0
259,たく,246117,0
260,こなっち,246115,0
261,たまにー！,246107,0
262,(コ･ω･)ン,245856,0
263,ハラス,245855,0
264,かや?×,245579,0
265,朱雀×,245572,0
266,ぽた,245543,0
267,はく,245537,0
268,ぎりわん,245500,0
269,とおる×,245426,0
270,トラサンブラック,245285,0
271,七つの傷を持つ男,245273,0
272,だいじゃん♪夜勤,245249,0
273,4443,245129,0
274,ニャイ××,245128,0
275,shachi,245062,0
276,アメリア×,245021,0
277,時代?×,244995,0
278,火拳エースちん,244949,0
279,旦那☆寝隊募集中,244904,0
280,ルナちょむ×,244834,0
281,??こなこ??,244811,0
282,ゆいたん旅行中♪,244736,0
283,KATZE,244602,0
284,ゆゆゆ??,244467,0
285,まーちゃん?21,244417,0
286,よっち?仕事×,244341,0
287,☆煌☆,244204,0
288,麦,244034,0
289,ユッキー××,243779,0
290,ひなち〜?,243765,0
291,マンタロー,243730,0
292,アッキー,243636,0
293,イケメン先生×,243436,0
294,こめ,243434,0
295,?きゃしー?,242888,0
296,ニャンコ先生,242540,0
297,るるる,242449,0
298,侍くん,242424,0
299,TAKA,242421,0
300,新茶?,241812,0
301,ババン,240426,0
302,まるお,239844,0
303,眠り猫,239706,0
304,りっすー,239249,0
305,ミルキー@LTE,237263,0
306,サマンサ,236957,0
307,マスター　,234344,0
308,ひろひろ?　,233032,0
309,KK,232053,0
310,ちり紙ちゅん,231656,0
311,かずにゃん茸完了,229994,0
312,蘭,227993,0
313,ｸﾙﾄﾝ抜きで！,227630,0
314,ころん,224957,0
315,くいんと,219750,0
316,のっち,214561,0
317,翔綾仕事×,214434,0
318,ちゃんた,213765,0
319,std,211660,0
320,華,208994,0
321,えつこ?ω・,207497,0
322,A.ロッド,204568,0
323,COCO,202830,0
324,みち@★愉快☆,200382,0
325,ひろぽん,197918,0
326,(???)kei,196109,0
327,まっちゃん(?ω,194078,0
328,大北剛,184302,0
329,ラウジー,181800,0
330,祝勝利！！×,181610,0
,2015/12/03 14:14:35
2,こずえる?,1314142,0
3,Yosshiー☆,1234567,0
4,るるのの??,1147764,0
5,めいぷる??,954653,0
6,ポコポコ,736061,0
7,はーりぃ☆彡,645084,0
8,ネコひめ?,605849,0
9,おしよ,555790,0
10,じゅん☆彡×,515344,0
11,干しきのこ?,500370,0
12,ばらっち??,473823,0
13,ゆきりん??,461484,0
14,mikuお任せ×,444249,0
15,よしえ貢献停止中,438647,0
16,FeMi9×,430000,0
17,馬券師池田,420000,0
18,なおたん??,407958,0
19,とも?のじはよ！,388379,0
20,チェルオ,379936,0
21,アルル,374327,0
22,かぶきん♪,369060,0
23,ハウル????*,367191,0
24,志村、後ろー！！,366490,0
25,カリーナ?,366400,0
26,昭希,364354,0
27,ネココ,362758,0
28,しのん????,362566,0
29,マツ?×,357363,0
30,きんぐ☆連鎖反応,350235,0
31,κυυ?のじ@1,348066,0
32,お琴?,346586,0
33,ポンちゃん?,345984,0
34,ぱぱたん×,345456,0
35,キラキラ,338924,0
36,te?chi,333333,0
37,ちゃい,332963,0
38,キュア,329676,0
39,しゅう,328854,0
40,マッチ・マン,327274,0
41,愛?,320703,0
42,ワンポ,319510,0
43,壺?♪メン募?,314355,0
44,Linda??,313747,0
45,べる×,312776,0
46,がちむち親方,310900,0
47,リリス＊BT待ち,310231,0
48,ぷよおやじ∞,310222,0
49,栄枯盛衰??,306406,0
50,すず??,305244,0
51,リバウンドおう,302457,0
52,かよちん?◯?,300769,0
53,勇?Clair,300378,0
54,さぁや×,300003,0
55,のり兄??,296143,0
56,ﾘﾗｸﾏｺ?,295168,0
57,ちょこ,295001,0
58,紅維,292878,0
59,牛歩もんじゃ,291710,0
60,*りん*,289841,0
61,St,289448,0
62,NY999,288071,0
63,ひ＊仕事の鬼化×,286833,0
64,せいろん×,286505,0
65,ゆかまま,285771,0
66,もねちん?,285367,0
67,ゆず,284868,0
68,☆mao20☆,280488,0
69,べんべん,279499,0
70,こうちゃん×,278064,0
71,ぽちゲリオン,278009,0
72,どらごん,277137,0
73,龍王♯1,274518,0
74,ゴリ男　×,274402,0
75,手羽先！,274044,0
76,NY55,273864,0
77,omen,272925,0
78,もぐ。　,272885,0
79,工藤新一,272775,0
80,ヒロシ,272560,0
81,Sora☆,271899,0
82,なっくん?,270180,0
83,katsu,270133,0
84,エミリオ,270000,0
85,みなとん†,269734,0
86,のんみー?Ｌ×,269627,0
87,ゆき,269312,0
88,N??,268700,0
89,しろたんΦωΦ,268118,0
90,ましゅ★彡,266736,0
91,あつみ×,266710,0
92,のり?,266179,0
93,ようすけ,265524,0
94,大河?彡,265053,0
95,ゆかちん?,265025,0
96,いっしー×,263811,0
97,サンダーバード,263744,0
98,ぴろし?,262900,0
99,マーニャン=ω=,262840,0
100,??ちゃるち??,262189,0
101,のりたま?,261925,0
102,無銘刀[禊],261762,0
103,EL?,261627,0
104,でじたつ,261304,0
105,まとー1,260864,0
106,もりたん,260823,0
107,ein@剣闘うし,260668,0
108,ケイ△仕事,260000,0
109,真央?LovE?,259745,0
110,黒い寿司屋,259578,0
111,?ご陽気なん?,259468,0
112,ひろちゃん☆彡,259305,0
113,ねす,259170,0
114,ｒｏｋｏ,259114,0
115,アミュテール,258874,0
116,アーリ@,258601,0
117,タケ,258066,0
118,☆×8,258049,0
119,きみみ★,257939,0
120,希の字,257901,0
121,キノコ狩り中20,257714,0
122,MKO,257634,0
123,のぞみ,257619,0
124,じゅん?,257084,0
125,がくとりん×,257000,0
126,ゆっこ†のじ↑1,256995,0
127,モカ,256696,0
128,エビ?祝2周年?,256695,0
129,ひろみ,256692,0
130,AKI同じ穴の?,256354,0
131,とも,256168,0
132,kody-,255982,0
133,だにー×,255675,0
134,ラス,255562,0
135,うまちゃん,255429,0
136,まきこ,255352,0
137,はま?,254741,0
138,オズ,254740,0
139,るん＊早朝?,254143,0
140,おのりさ,254058,0
141,?ジュリアラ?,253832,0
142,*dairi*,253748,0
143,あさ,253673,0
144,蜘蛛∞あこらぶ∞,253549,0
145,ぱぱ♪,253536,0
146,???☆,253488,0
147,激から？LTE,253480,0
148,フユニャン,253423,0
149,SAMTIN,253232,0
150,セバスチャン,253156,0
151,deco,253141,0
152,天　×,252841,0
153,みゃー☆,252833,0
154,ルーシィ,252796,0
155,黎2/7,252785,0
156,女帝かぼす?,252704,0
157,栽培@15,252624,0
158,マイマイ,252458,0
159,しまっち21,252451,0
160,クロ@陽だまり募,252280,0
161,かず,252230,0
162,九愚連◇会長,252162,0
163,デメテル,252119,0
164,としちん×,252024,0
165,ナナシー,252012,0
166,黒?狐,251988,0
167,?リスのしっぽ?,251970,0
168,けんつゐ,251899,0
169,★?ティア?★,251883,0
170,あんず,251836,0
171,ももんじゃん,251708,0
172,らっP?×,251667,0
173,ロイ,251509,0
174,ひでこ危機一髪,251496,0
175,イカ,251449,0
176,?星輝子_,251417,0
177,チュンチュン,251363,0
178,おちょーん★,251299,0
179,パンくずヽ´ω`,251267,0
180,あきっちg,251147,0
181,国定,251098,0
182,KEN☆彡,250943,0
183,けんけん,250774,0
184,まゆ?Clair,250722,0
185,(?´?`?),250649,0
186,のり茶☆×,250632,0
187,こまつ?,250616,0
188,So@陽だまり募,250596,0
189,?勝しゃんド,250453,0
190,としぼう♪♪,250437,0
191,かずのこ,250419,0
192,ゆうじーにょ12,250234,0
193,ぶぅちゃん,250215,0
194,alte,250188,0
195,FRISK♪,250073,0
196,まちゃん?,250071,0
197,ぱｍだｘ,250003,0
198,しりうす,250000,0
199,結奈♀紫特化,249980,0
200,ayu…,249959,0
201,おっおちゃん??,249947,0
202,アルマーニ,249758,0
203,ママ11/51,249666,0
204,クテイ,249522,0
205,しば,249458,0
206,珍三,249422,0
207,WING?×,249339,0
208,じょい,249285,0
209,デーモン政×,249209,0
210,んにゃ,249195,0
211,戸前,249135,0
212,しんたろ?,249110,0
213,?悟空＊いちご,249095,0
214,とく×,249032,0
215,まつげ,249004,0
216,れん,248978,0
217,紫陽花,248976,0
218,りくみく,248900,0
219,はまなか×,248725,0
220,鷹の目のばじる?,248630,0
221,?きのこ鍋?,248604,0
222,一堂零◯,248528,0
223,アンナ?,248500,0
224,ミュウ,248493,0
225,シン,248477,0
226,づらたん,248455,0
227,ヴェロニカ,248407,0
228,るかるもん,248283,0
229,むーたん,248045,0
230,りょう×,248020,0
231,luck,247983,0
232,ちゃばた,247800,0
233,くまーもん?,247663,0
234,はるたん?×,247598,0
235,まむ×,247440,0
236,けい,247365,0
237,o-k-,247331,0
238,マユ@LovE?,247282,0
239,おぎ,247260,0
240,?LUNA?,247240,0
241,重要！板確認,247237,0
242,キヨリーヌ,247212,0
243,かん,247201,0
244,星パプリス×,247051,0
245,ぽこL感謝??,247045,0
246,遊佐続光,246983,0
247,ぱっくん×,246972,0
248,卓己,246933,0
249,まい,246912,0
250,ハムスター,246773,0
251,柳川ゆう,246734,0
252,之,246699,0
253,まさみん☆L○,246597,0
254,celica?,246445,0
255,キダムスキー♪,246395,0
256,Wみーちゃん?,246292,0
257,ちょたぽん?,246217,0
258,?とこたと,246128,0
259,たく,246117,0
260,こなっち,246115,0
261,たまにー！,246107,0
262,(コ･ω･)ン,245856,0
263,ハラス,245855,0
264,かや?×,245579,0
265,朱雀×,245572,0
266,ぽた,245543,0
267,はく,245537,0
268,ぎりわん,245500,0
269,とおる×,245426,0
270,トラサンブラック,245285,0
271,七つの傷を持つ男,245273,0
272,だいじゃん♪夜勤,245249,0
273,4443,245129,0
274,ニャイ××,245128,0
275,shachi,245062,0
276,アメリア×,245021,0
277,時代?×,244995,0
278,火拳エースちん,244949,0
279,旦那☆寝隊募集中,244904,0
280,ルナちょむ×,244834,0
281,??こなこ??,244811,0
282,ゆいたん旅行中♪,244736,0
283,KATZE,244602,0
284,ゆゆゆ??,244467,0
285,まーちゃん?21,244417,0
286,よっち?仕事×,244341,0
287,☆煌☆,244204,0
288,麦,244034,0
289,ユッキー××,243779,0
290,ひなち〜?,243765,0
291,マンタロー,243730,0
292,アッキー,243636,0
293,イケメン先生×,243436,0
294,こめ,243434,0
295,?きゃしー?,242888,0
296,ニャンコ先生,242540,0
297,るるる,242449,0
298,侍くん,242424,0
299,TAKA,242421,0
300,新茶?,241812,0
301,ババン,240426,0
302,まるお,239844,0
303,眠り猫,239706,0
304,りっすー,239249,0
305,ミルキー@LTE,237263,0
306,サマンサ,236957,0
307,マスター　,234344,0
308,ひろひろ?　,233032,0
309,KK,232053,0
310,ちり紙ちゅん,231656,0
311,かずにゃん茸完了,229994,0
312,蘭,227993,0
313,ｸﾙﾄﾝ抜きで！,227630,0
314,ころん,224957,0
315,くいんと,219750,0
316,のっち,214561,0
317,翔綾仕事×,214434,0
318,ちゃんた,213765,0
319,std,211660,0
320,華,208994,0
321,えつこ?ω・,207497,0
322,A.ロッド,204568,0
323,COCO,202830,0
324,みち@★愉快☆,200382,0
325,ひろぽん,197918,0
326,(???)kei,196109,0
327,まっちゃん(?ω,194078,0
328,大北剛,184302,0
329,ラウジー,181800,0
330,祝勝利！！×,181610,0
pickUpBU,,,0
