,2015/11/27 12:03:32
1,Dizzy?,1012020,0
2,こずえる?,622702,0
3,Yosshi?☆,509228,0
4,るるのの??,500128,0
5,塩,439900,0
6,ポコポコ,407541,0
7,BKチョコ募集,380509,0
8,めいぷる??,362732,0
9,変態クラブ???,329280,0
10,馬券師池田,311721,0
11,miku○,303919,0
12,ゆき?エーミール,302242,0
13,なおたん??,298128,0
14,はりぃ☆ながれ星,290838,0
15,Antenna猫,282814,0
16,じゅん☆ながれ星,277530,0
17,グランシャリオ募,276283,0
18,Mumin谷♪,273922,0
19,リリス＊苺ぷよ×,272788,0
20,しのん?カツラ募,272627,0
21,栄枯盛衰??,269316,0
22,勇?Clair,263958,0
23,??チェルオ,263004,0
24,Blackチョコ,246191,0
25,κυυ?tomo,245471,0
26,ババンと寝てい隊,244129,0
27,かぶきん♪,243264,0
28,マツ?×,241559,0
29,くー?とわらい?,241248,0
30,tipo,236649,0
31,TEREON's,235068,0
32,ハハンと寝てい隊,234485,0
33,るかるもん,210471,0
34,もねちん?募集,207527,0
35,WING?仕事×,205081,0
36,カリーナ?×,203062,0
37,LovE?,199182,0
38,志村、後ろー！！,198298,0
39,ぱぱ♪,195962,0
40,tipoワンポ,193059,0
41,さぁや×,189395,0
42,きんぐ☆連鎖反応,189309,0
43,昭希,182975,0
44,ハウル?KoB,180276,0
45,マッチ・マン,179784,0
46,べんべん???,179199,0
47,ポンちゃん?,179108,0
48,石麻痺のおっさん,177264,0
49,愛?,177156,0
50,もぐ。　,176161,0
51,NY55,176039,0
52,ゆき,176016,0
53,はま?寝てい隊,171565,0
54,ゴリ男,171538,0
55,龍王,169348,0
56,のり兄,166404,0
57,すず??,166147,0
58,タリー?,163514,0
59,しゅう,162536,0
60,もんじゃ,162126,0
61,ももんじゃん×,161961,0
62,お琴さん?,160846,0
63,ネココ,159807,0
64,N??,159169,0
65,之,158698,0
66,ぴろし?,154334,0
67,ちょこ,154013,0
68,かよちんKoB?,151369,0
69,しろたんΦωΦ,149608,0
70,ひでこ,149058,0
71,katsu,148248,0
72,こうちゃん×,147274,0
73,ぱぱたん×,146296,0
74,一堂零◯,144968,0
75,卓己@ジュビレ,144551,0
76,ねす,143464,0
77,キヨリーヌ,143168,0
78,MKO,142830,0
79,すたんどおっさん,141765,0
80,ゆかまま,141661,0
81,せいろん×,139005,0
82,ラス,138350,0
83,☆煌☆,138328,0
84,にゃ(☆∀☆),137668,0
85,ゆず,136048,0
86,紅維@募集中！,135810,0
87,ｒｏｋｏ,132678,0
88,ﾘﾗｸﾏｺ?,132448,0
89,魔王★○,132377,0
90,まとー×赤い妖精,132254,0
91,SAMTIN,132050,0
92,A.ロッド,131974,0
93,?まーちゃん○,131797,0
94,はく九州沖縄,131716,0
95,?孫悟空＊,131268,0
96,ぷよりん,128399,0
97,サンダーバード,127828,0
98,チュンチュン,127096,0
99,だじゃ♪仕事↓怠,126854,0
100,(コ･ω･)ン〇,125726,0
101,でじたつ×,125128,0
102,ひなち〜?,124976,0
103,KK,124923,0
104,女豹かぼす?,123902,0
105,くまーもん?,123301,0
106,まさみん☆L○,122829,0
107,a@arle,121595,0
108,?勝しゃんド,121591,0
109,まゆ?くれーる募,121557,0
110,国定,121490,0
111,もりたん七段,121271,0
112,珍三,121062,0
113,まっちゃん(?ω,120435,0
114,???☆,120390,0
115,KEN☆彡,120213,0
116,手羽先！寝てい隊,120132,0
117,モカ××,119946,0
118,隠居さん募集中?,119475,0
119,AKI?同ぷよ,119116,0
120,ゆいたん??,118886,0
121,新茶?,118704,0
122,フユニャン,118317,0
123,りっすー,117893,0
124,ばらっち??,117738,0
125,あんず,117629,0
126,yukko,117570,0
127,岡田先生×,117492,0
128,紫特化パーピュア,117483,0
129,大河?彡,117426,0
130,豊川孝弘七段×,116709,0
131,ゆかちん?,116068,0
132,とら★,115728,0
133,ようすけ,115430,0
134,ein@重装黄色,115186,0
135,おのりさ,115174,0
136,オズ,115165,0
137,かず,114152,0
138,Carlos,113933,0
139,どらごん,113670,0
140,deco,113579,0
141,あつみ×,113434,0
142,陽だまり募集中,113386,0
143,Linda??,113198,0
144,ひろぽん,113173,0
145,泰地,113146,0
146,のぞみ18,112861,0
147,眠り猫,112370,0
148,ゆゆゆ??,112287,0
149,?LUNA?,111960,0
150,みなとん†,111254,0
151,Wみーちゃ?出張,111126,0
152,しりうす,111016,0
153,Sora,110535,0
154,?ご陽気なん?,110368,0
155,?きゃしー?,110322,0
156,セバスチャン,110064,0
157,狐?社畜L?,109998,0
158,いっしー×,109591,0
159,ハムスター×,108713,0
160,桜エビフライ,108475,0
161,ティア★愉快募集,108285,0
162,ちゃんた?休憩,108080,0
163,ましゅ★彡,107661,0
164,ちゃる??,107509,0
165,ユッキー◎◎◎◎,107439,0
166,ラウジー,107002,0
167,ひろみ,106992,0
168,かおりワールド募,106928,0
169,まちゃん?,106574,0
170,マーニャン★,106360,0
171,ナナシー,105912,0
172,＊ひろむ＊仕事×,105566,0
173,ミュウ,105364,0
174,キダムスキー♪,105295,0
175,アルマーニ,105274,0
176,NY999Ｌ×,104793,0
177,大北剛,103952,0
178,麦,102804,0
179,バビンと寝てい隊,102710,0
180,(?´?`?),102336,0
181,助△,102304,0
182,☆５ひろちゃん,102080,0
183,けんつゐ,101924,0
184,おぎ×,101772,0
185,かずにゃん,101608,0
186,アンナ?◎,101580,0
187,(?′???),101380,0
188,te?chi,101340,0
189,マルフク多忙,101249,0
190,kody-,101246,0
191,うさぎ×,101182,0
192,るん＊寒?,101157,0
193,KATZE★★,100761,0
194,ＫＡＺＵ,100616,0
195,ゆきママ,100532,0
196,4443,100035,0
197,るるる,99967,0
198,luck,99658,0
199,ハラス,99604,0
200,りょう×,99516,0
201,アメリア×,98900,0
202,イカ,98035,0
203,けんけん,97564,0
204,COCO,97551,0
205,りくみく´∀`),97492,0
206,激から？,97059,0
207,ayu…,97051,0
208,celica?,96921,0
209,アッキー,96817,0
210,まつげ,96757,0
211,タケ×,96696,0
212,えつこ?ω・△,95280,0
213,ミリィ,95088,0
214,マイマイ,94656,0
215,tky,94266,0
216,omen,93819,0
217,ちゃばた,93724,0
218,So×陽だまり募,93497,0
219,戸前仕事×,93485,0
220,まい○,93167,0
221,あおい,93096,0
222,std,92758,0
223,うまちゃん○,92673,0
224,アオ,92631,0
225,とおる×,92404,0
226,くる?,92294,0
227,素寒貧侍くん,92040,0
228,カーバンクルしま,91934,0
229,コナンおっさん,91780,0
230,shachi○,91749,0
231,たまにー！,91640,0
232,??こなこ??,91535,0
233,アルレンジャー,91492,0
234,梟店長?,90997,0
235,ぶぅちゃん,90816,0
236,じゅん?L×,90557,0
237,ぎりわん,90498,0
238,めだお○,90474,0
239,よっち?仕事×,90471,0
240,のりたま?,90126,0
241,?きのこ鍋?,90040,0
242,三連勝,89778,0
243,デメテル,89585,0
244,キャリー,89008,0
245,結奈♀URU↑,88977,0
246,こー?,88868,0
247,kao?チムかわ,88827,0
248,愉快な仲間募集★,88413,0
249,ニャンコ先生,88292,0
250,IRI☆彡,88132,0
251,St×,88018,0
252,奈落,88004,0
253,ばじる?九沖?,87914,0
254,*dairi*,87863,0
255,だにー×,87786,0
256,TAKA,87780,0
257,18時エール消費,87532,0
258,おもひでらむら?,87398,0
259,しば,87318,0
260,サマンサ,86970,0
261,ぷよぷよ,86962,0
262,ふっち,86787,0
263,シン,86769,0
264,キラキラ,86584,0
265,ｸﾙﾄﾝ抜きで！,86125,0
266,栽培@2号艇榎木,86101,0
267,サムライKEN,85956,0
268,マスター　,85691,0
269,?液状えり2号?,85562,0
270,アーリ@,85424,0
271,じょん虎ぼるた,85402,0
272,はるくん♪,85342,0
273,†斬月卍,85275,0
274,コーソン,85005,0
275,ヨッシー@風来,84790,0
276,朱雀×,84672,0
277,ルーシィ,84249,0
278,早乙女学園'ω',84200,0
279,まろん,83900,0
280,こめ,83748,0
281,ジーザス◆湖??,83670,0
282,ピヨ丸,83566,0
283,としちん×,83334,0
284,ちょたぽん?,82897,0
285,チワワおやじ,82816,0
286,タワーコート,82611,0
287,かん,82487,0
288,ろびんず○,82386,0
289,のっち,82282,0
290,とく×,82270,0
291,紗空紗☆彡?×,82213,0
292,ヴェロニカ,82173,0
293,リンL○,82126,0
294,我が拳は我流×,82119,0
295,あきんど,81972,0
296,無銘刀[禊],81712,0
297,ただし☆,81658,0
298,ぽこエール◎,81587,0
299,氷河↓コイン不足,81236,0
300,ちり紙ちゅん,81188,0
301,ゆうじーにょ12,80978,0
302,じょい,80902,0
303,バイカル???,80849,0
304,ヴェル@赤い妖精,80792,0
305,ちゃい,80757,0
306,かずのこ,80723,0
307,みゃー☆×,80423,0
308,のり?,80376,0
309,風@れっぷよ募×,80362,0
310,フランシス,80284,0
311,あいら,80244,0
312,雪男書店調整×,80050,0
313,びょーとる車飼う,79992,0
314,ぴろりん♪絆,79984,0
315,スタバマン?,79850,0
316,☆6くれす×仕事,79804,0
317,ミルキー@LTE,79672,0
318,はるたん?×,79564,0
319,柳川ゆう,79472,0
320,ゆき,79304,-96712
321,たく,78534,0
322,としぼう♪♪,78451,0
323,クテイ多忙?,78435,0
324,まるお,78058,0
325,jun?,77741,0
326,non,77740,0
327,レプリカ,77593,0
328,?sage,77525,0
329,7777777○,77504,0
330,かげ?,77484,0
