,2015/11/01 23:00:05
pickUpTU
pickUpRank
ranking
1,1480373,??ハーピー狂
2,1245965,??えりお
3,1086307,?幸喜
4,996991,??ルナちょむ
5,890477,那岐?
6,883923,お琴さん?
7,880757,マツ?
8,840907,新茶?
9,836125,??HH
10,821480,なぎ2号
11,816556,??え?
12,808945,ポンちゃん??
13,802450,スノーラビット
14,787866,EL?
15,777290,てと?彡
16,776532,te?chi
17,769284,めいぷる??
18,712633,??チェルオ
19,693277,マッキー@パンダ
20,669944,ちび闇?
21,666662,??ぽむ
22,664076,谷口ぴーまん募集
23,647326,マユ@LovE?
24,644379,エミリオ
25,641899,?TAKA
26,632390,St×
27,632340,セバスチャン
28,630522,からあげ募集！
29,612753,朱雀
30,611238,フユニャン
31,596969,ミルミル?ばよ魂
32,595224,リョウゴク土俵外
33,578922,スタバマンＭＡＸ
34,553725,????
35,550219,愉快な仲間募集★
36,537289,ヴェル＠赤い妖精
37,528564,かず　Law募集
38,528400,愉快なみち☆
39,523860,不審なセレスト?
40,520582,Yosshi?
41,514926,銭形?
42,507518,寝るな?ふくまろ
43,504672,あつみ
44,504584,遊戯都市募集
45,501476,てそ?Clair
46,501191,ゆうじーにょ12
47,500056,るるのの?
48,500014,はーりぃ☆彡着地
49,499522,くまのこ
50,498510,にこにゃん
51,497670,きのこもりもり
52,489883,?Ｃlair?
53,487264,ひろこ?
54,486887,ぽぽろ
55,485040,勇
56,483836,?エス@就寝中?
57,482328,えす
58,476886,卓己
59,463454,＊NERV＊↓×
60,462051,栄枯盛衰??
61,460033,すず??
62,456943,猫?
63,453063,春馬?二日酔い
64,452325,エーミール@ゆき
65,446164,つべムーミン♪
66,443717,まとー0
67,443410,賢者くださいbo
68,441054,ぷるっぴ
69,440689,ペルセポネ0
70,440084,うさこ×寝
71,438502,しま??
72,431141,まるお?
73,430554,無銘刀[禊]
74,423758,レプリカ
75,422767,よしえ貢献停止中
76,420604,スピカ?○
77,420498,ゴリ男　
78,420312,桜エビL?VE
79,417817,ハウル@KoB
80,414379,うちゃVIP募
81,413577,シャム
82,411759,もぐ。
83,410812,☆mao☆
84,410040,之
85,408110,ナナ
86,406986,ぴろし?
87,406679,蛙石??
88,404665,mchiba
89,404550,ドラ?かもかふぇ
90,402595,愉快な牙龍☆
91,402583,XIT
92,402377,はっぱ○
93,401684,ＡＫＩ
94,401586,ゆきママ
95,401295,ちあき
96,400717,YNB
97,400323,連打おばさん
98,400265,celica?
99,400020,うま着地大失敗
100,400004,おやじ着地失敗笑
101,400000,ユイ?
102,399994,てつ♪お疲れ様♪
103,397471,いっしー×
104,392835,一十三???
105,392607,フレディー
106,391239,くるったひでこ
107,387793,なおたん??
108,387703,キュプラ
109,386788,syu@
110,384218,よっ?かもみ〜る
111,383262,うぐ@眠い
112,383003,アカラン
113,382686,そら
114,381394,サンタマリア
115,380401,ボンバ
116,380279,あんず終
117,380186,きぃ
118,380000,きまぐれんさ×
119,379755,さとぽっぽ
120,378020,ランド改☆募集中
121,377945,赤兎馬?
122,377795,レイ
123,374885,熊猫?かーくん
124,373794,けんけん
125,373536,ゆーきち×
126,372989,けい?
127,372375,よお
128,372284,ねす
129,371117,こま@ジュビレ
130,369655,デルフィーノ
131,367222,けいた
132,365232,ハムスター
133,365157,エーミール@イッ
134,364412,ソナポケマン
135,363636,まゆ━━━━ん?
136,363636,みろ━━━━ん?
137,363525,おかしなカゲレス
138,363266,あきっちG
139,362953,YuKiM
140,362662,コナン
141,362649,??森サマー◎
142,361872,モカさん
143,360261,魔王?VIP
144,360108,おださん♪
145,359832,オズからあげ募集
146,359182,黒ねこ??
147,358922,りょう
148,358768,まろん
149,358692,さふぃ
150,358029,オボロ?
151,357518,yukko多忙
152,357459,じゅん☆ヒロイン
153,357335,sasa休日
154,356898,萱草@特
155,356684,お菓子鳥
156,356577,みみ@妖精停止
157,356248,しょう
158,356228,ein@最終HW
159,355927,しょ@かもみ〜る
160,355017,かずL切
161,354851,アロエ
162,354736,ロイ寝坊厳禁
163,353698,ゆいたん?
164,353546,かな@燃えカス
165,353437,さつき寝てい隊
166,353370,マニア×
167,353278,スヌーピーらびん
168,353210,ぶちこ?
169,352949,すっぴんテスター
170,352667,ゆみ?あるぱっか
171,352397,リリス＊夜勤×
172,352125,菅なおと???
173,351963,遊戯都市募＊びび
174,351891,どかん
175,351710,うちはイタチ
176,351309,オミメロ
177,351241,ランド改☆くらら
178,351184,@てんちゃ??☆
179,351174,?たちゅぴちゅ
180,350901,ツバサ
181,350901,ツバサ
182,350809,ゆき
183,350567,オボロ
184,350496,☆×8
185,350369,わんこの日
186,350189,miiko
187,349723,おしよ××
188,349493,??モリ茶
189,349243,すらいむA
190,349043,☆G☆
191,348644,りっこ★★
192,347929,つかみー?
193,347923,?LUNA?
194,347898,?京??
195,347674,龍王
196,347415,ワタナシン
197,347312,ま?
198,347300,ぞん
199,347049,harp
200,346768,サフィ湖
201,346642,猫ひろちゃるっ☆
202,346592,らすた?
203,345715,??????☆
204,345585,かなめ！
205,345460,くーちゃん?♪♪
206,345445,Lee
207,345105,むねちん
208,344995,ユウ(ほろ酔い)
209,344969,アセトン
210,344919,マキバモス
211,344875,珍三
212,344844,ヒロシ×
213,344765,バーニー
214,344069,まりたん?ロビ？
215,343712,1052☆×
216,343706,のじ
217,343650,☆せり☆
218,343646,ゆゆゆ??
219,343521,tky
220,343371,xelo
221,343210,ルキナL×
222,343146,*dairi*
223,343135,?Wみーちゃん?
224,343007,蒼し
225,342578,トレイン
226,342464,しまっち
227,342270,るた??
228,342249,?蜜蜂檸檬?
229,342037,★モコ?
230,341979,ねいちゅー
231,341828,みきぴょん??栗
232,341723,?ネロ?総武線
233,341613,ステファノス
234,341490,シン
235,341088,ネコひめ?
236,340497,かや.*?
237,340489,まこぴさろ★
238,340308,ハル
239,340184,Ty
240,340110,HW-ARS○
241,340095,?こむぎ
242,339339,はまなか
243,339237,★an
244,339203,マリオの弟
245,339102,そなエール×
246,339086,フラン×
247,339023,昭希
248,339022,よしピ＠からあげ
249,339008,ちゃま
250,338635,ようすけ
251,338614,少女A
252,338614,翠@JINN募集
253,338590,りっぴ
254,338406,ご泣き爺?○
255,338288,KITTY△
256,338219,けんしんた
257,337987,ナオたむ??
258,337881,ラーム
259,337649,黄衣の王。
260,337597,toru×
261,337464,なっちー?
262,337321,alte
263,336401,乙
264,336097,まさ?
265,335827,snake
266,335724,ももかん
267,335697,☆tomo☆
268,335498,☆6バンシー狂
269,335310,カバカッパ
270,334542,とおる×
271,333941,波?家族week
272,333890,かずま?
273,333752,グミ?×
274,333717,よっち＊
275,333715,凸川警部
276,333631,気宇?
277,333548,あべ
278,333470,わたぴょんニコ生
279,333177,グローバル
280,332949,すらころ
281,332769,ちゃ?ひろ?るる
282,332756,j
283,332728,セリカ
284,332281,トシぼん
285,332268,クロノ
286,332125,けい
287,332062,ゆーき?
288,331931,とぴ◇
289,331500,桜怜
290,331257,RESAY?
291,331190,たぬ×
292,331080,ミナスケ
293,331029,けんパパ
294,330968,ムー寝落ち注意★
295,330041,T-TAN-Y
296,329937,しぃ。眠い
297,329874,しょー?
298,329659,アンナ
299,329616,パプリス
300,328698,りゅうすい
301,328611,りりうむ
302,328576,すかい
303,328337,イタズラかお茶×
304,328285,あたろー??
305,327795,てせ◎◎◎
306,327597,カルマ
307,326633,?おかしところ?
308,326615,あーず◇
309,325048,あき?
310,324708,?チャーリー?
311,324027,迷宮?
312,323855,デッドヒート中
313,321187,はなま?
314,319783,ふぁん
315,318075,おっおちゃん
316,316198,ゆっち
317,314588,まめしば?
318,314292,ヨワシ?
319,314125,そらしめじ
320,313867,デクモ?
321,313862,とら×
322,313109,てかぽ
323,310248,LYNX⇒
324,309316,のり???
325,307915,?アネゴ
326,304780,?あかね??
327,300094,りょうすけ
328,291457,??こなこ??×
329,287685,ニャイ
330,283250,ハジメ
pickUpBU
