,2015/11/11 06:39:06,2015/11/11 06:39:09,2015/11/11 06:39:11,2015/11/11 06:48:05,2015/11/11 06:49:02,2015/11/11 06:50:01,2015/11/11 06:51:02,2015/11/11 06:52:02,2015/11/11 06:53:02,2015/11/11 06:54:06,2015/11/11 06:55:02,2015/11/11 06:56:02,2015/11/11 06:57:01,2015/11/11 06:58:01,2015/11/11 06:59:02,2015/11/11 07:00:06,2015/11/11 07:01:01,2015/11/11 07:02:01,2015/11/11 07:03:02,2015/11/11 07:04:02,2015/11/11 07:05:01,2015/11/11 07:06:07,2015/11/11 07:07:01,2015/11/11 07:08:02,2015/11/11 07:09:02,2015/11/11 07:10:01,2015/11/11 07:11:02,2015/11/11 07:12:07,2015/11/11 07:13:02,2015/11/11 07:14:02,2015/11/11 07:15:01,2015/11/11 07:16:02,2015/11/11 07:17:02,2015/11/11 07:18:09,2015/11/11 07:19:02,2015/11/11 07:20:01,2015/11/11 07:21:02,2015/11/11 07:22:02,2015/11/11 07:23:01
pickUpTU
トム,-,1500,1500,1500,1500,1500,1500,1500,1500,1500,1500,1500,1500,1500,1500,1500,1500,1500,1500,1500,1500,1500,1500,1500,1500,1500,1500,1500,1500,1500,1500,1500,1500,1500,1500,1500,1500,1500,1500,
,,1,2,3,4,5,6,7,8,9,10,11,12,13,14,15,16,17,18,19,20,21,22,23,24,25,26,27,28,29,30,31,32,33,34,35,36,37,38,
,,-,-,-,-,-,-,-,-,-,-,-,-,-,-,-,-,-,-,-,-,-,-,-,-,-,-,-,-,-,-,-,-,-,-,-,-,-,-,
Mu,-,1502,1502,1502,1502,1502,1502,1502,1502,1502,1502,1502,1502,1502,1502,1502,1502,1502,1502,1502,1502,1502,1502,1502,1502,1502,1502,1502,1502,1502,1502,1502,1502,1502,1502,1502,1502,1502,1502,
,,1,2,3,4,5,6,7,8,9,10,11,12,13,14,15,16,17,18,19,20,21,22,23,24,25,26,27,28,29,30,31,32,33,34,35,36,37,38,
,,-,-,-,-,-,-,-,-,-,-,-,-,-,-,-,-,-,-,-,-,-,-,-,-,-,-,-,-,-,-,-,-,-,-,-,-,-,-,
星,-,1485,1485,1485,1485,1485,1485,1485,1485,1485,1485,1485,1485,1485,1485,1485,1485,1485,1485,1485,1485,1485,1485,1485,1485,1485,1485,1485,1485,1485,1485,1485,1485,1485,1485,1485,1485,1485,1485,
,,1,2,3,4,5,6,7,8,9,10,11,12,13,14,15,16,17,18,19,20,21,22,23,24,25,26,27,28,29,30,31,32,33,34,35,36,37,38,
,,-,-,-,-,-,-,-,-,-,-,-,-,-,-,-,-,-,-,-,-,-,-,-,-,-,-,-,-,-,-,-,-,-,-,-,-,-,-,
Ra,-,1371,1371,1371,1371,1371,1371,1371,1371,1371,1371,1371,1371,1371,1371,1371,1371,1371,1371,1371,1371,1371,1371,1371,1371,1371,1371,1371,1371,1371,1371,1371,1371,1371,1371,1371,1371,1371,1371,
,,1,2,3,4,5,6,7,8,9,10,11,12,13,14,15,16,17,18,19,20,21,22,23,24,25,26,27,28,29,30,31,32,33,34,35,36,37,38,
,,-,-,-,-,-,-,-,-,-,-,-,-,-,-,-,-,-,-,-,-,-,-,-,-,-,-,-,-,-,-,-,-,-,-,-,-,-,-,
上位,-,1405,1405,1405,1405,1405,1405,1405,1405,1405,1405,1405,1405,1405,1405,1405,1405,1405,1405,1405,1405,1405,1405,1405,1405,1405,1405,1405,1405,1405,1405,1405,1405,1405,1405,1405,1405,1405,1405,
,,1,2,3,4,5,6,7,8,9,10,11,12,13,14,15,16,17,18,19,20,21,22,23,24,25,26,27,28,29,30,31,32,33,34,35,36,37,38,
,,-,-,-,-,-,-,-,-,-,-,-,-,-,-,-,-,-,-,-,-,-,-,-,-,-,-,-,-,-,-,-,-,-,-,-,-,-,-,
Diz,-,1501,1501,1501,1501,1501,1501,1501,1501,1501,1501,1501,1501,1501,1501,1501,1501,1501,1501,1501,1501,1501,1501,1501,1501,1501,1501,1501,1501,1501,1501,1501,1501,1501,1501,1501,1501,1501,1501,
,,1,2,3,4,5,6,7,8,9,10,11,12,13,14,15,16,17,18,19,20,21,22,23,24,25,26,27,28,29,30,31,32,33,34,35,36,37,38,
,,-,-,-,-,-,-,-,-,-,-,-,-,-,-,-,-,-,-,-,-,-,-,-,-,-,-,-,-,-,-,-,-,-,-,-,-,-,-,
ばよ,-,1399,1399,1399,1399,1399,1399,1399,1399,1399,1399,1399,1399,1399,1399,1399,1399,1399,1399,1399,1399,1399,1399,1399,1399,1399,1399,1399,1399,1399,1399,1399,1399,1399,1399,1399,1399,1399,1399,
,,1,2,3,4,5,6,7,8,9,10,11,12,13,14,15,16,17,18,19,20,21,22,23,24,25,26,27,28,29,30,31,32,33,34,35,36,37,38,
,,-,-,-,-,-,-,-,-,-,-,-,-,-,-,-,-,-,-,-,-,-,-,-,-,-,-,-,-,-,-,-,-,-,-,-,-,-,-,
嵐山,-,1232,1232,1232,1232,1232,1232,1232,1232,1232,1232,1232,1232,1232,1232,1232,1232,1232,1232,1232,1232,1232,1232,1232,1232,1232,1232,1232,1232,1232,1232,1232,1232,1232,1232,1232,1232,1232,1232,
,,1,2,3,4,5,6,7,8,9,10,11,12,13,14,15,16,17,18,19,20,21,22,23,24,25,26,27,28,29,30,31,32,33,34,35,36,37,38,
,,-,-,-,-,-,-,-,-,-,-,-,-,-,-,-,-,-,-,-,-,-,-,-,-,-,-,-,-,-,-,-,-,-,-,-,-,-,-,
さんらいず,-,1330,1330,1330,1330,1330,1330,1330,1330,1330,1330,1330,1330,1330,1330,1330,1330,1330,1330,1330,1330,1330,1330,1330,1330,1330,1330,1330,1330,1330,1330,1330,1330,1330,1330,1330,1330,1330,1330,
,,1,2,3,4,5,6,7,8,9,10,11,12,13,14,15,16,17,18,19,20,21,22,23,24,25,26,27,28,29,30,31,32,33,34,35,36,37,38,
,,-,-,-,-,-,-,-,-,-,-,-,-,-,-,-,-,-,-,-,-,-,-,-,-,-,-,-,-,-,-,-,-,-,-,-,-,-,-,
とわいらいと,-,1267,1267,1267,1267,1267,1267,1267,1267,1267,1267,1267,1267,1267,1267,1267,1267,1267,1267,1267,1267,1267,1267,1267,1267,1267,1267,1267,1267,1267,1267,1267,1267,1267,1267,1267,1267,1267,1267,
,,1,2,3,4,5,6,7,8,9,10,11,12,13,14,15,16,17,18,19,20,21,22,23,24,25,26,27,28,29,30,31,32,33,34,35,36,37,38,
,,-,-,-,-,-,-,-,-,-,-,-,-,-,-,-,-,-,-,-,-,-,-,-,-,-,-,-,-,-,-,-,-,-,-,-,-,-,-,
pickUpRank

1,1502,1502,1502,1502,1502,1502,1502,1502,1502,1502,1502,1502,1502,1502,1502,1502,1502,1502,1502,1502,1502,1502,1502,1502,1502,1502,1502,1502,1502,1502,1502,1502,1502,1502,1502,1502,1502,1502,1502,Mumin谷??
2,1501,1501,1501,1501,1501,1501,1501,1501,1501,1501,1501,1501,1501,1501,1501,1501,1501,1501,1501,1501,1501,1501,1501,1501,1501,1501,1501,1501,1501,1501,1501,1501,1501,1501,1501,1501,1501,1501,1501,Dizzy?
3,1500,1500,1500,1500,1500,1500,1500,1500,1500,1500,1500,1500,1500,1500,1500,1500,1500,1500,1500,1500,1500,1500,1500,1500,1500,1500,1500,1500,1500,1500,1500,1500,1500,1500,1500,1500,1500,1500,1500,トムソン??
4,1485,1485,1485,1485,1485,1485,1485,1485,1485,1485,1485,1485,1485,1485,1485,1485,1485,1485,1485,1485,1485,1485,1485,1485,1485,1485,1485,1485,1485,1485,1485,1485,1485,1485,1485,1485,1485,1485,1485,☆☆ながれ星彡
5,1405,1405,1405,1405,1405,1405,1405,1405,1405,1405,1405,1405,1405,1405,1405,1405,1405,1405,1405,1405,1405,1405,1405,1405,1405,1405,1405,1405,1405,1405,1405,1405,1405,1405,1405,1405,1405,1405,1405,上位目指す隊?
6,1399,1399,1399,1399,1399,1399,1399,1399,1399,1399,1399,1399,1399,1399,1399,1399,1399,1399,1399,1399,1399,1399,1399,1399,1399,1399,1399,1399,1399,1399,1399,1399,1399,1399,1399,1399,1399,1399,1399,ばよえ?ん。
7,1371,1371,1371,1371,1371,1371,1371,1371,1371,1371,1371,1371,1371,1371,1371,1371,1371,1371,1371,1371,1371,1371,1371,1371,1371,1371,1371,1371,1371,1371,1371,1371,1371,1371,1371,1371,1371,1371,1371,Ra?ffine
8,1330,1330,1330,1330,1330,1330,1330,1330,1330,1330,1330,1330,1330,1330,1330,1330,1330,1330,1330,1330,1330,1330,1330,1330,1330,1330,1330,1330,1330,1330,1330,1330,1330,1330,1330,1330,1330,1330,1330,さんらいず??
9,1299,1299,1299,1299,1299,1299,1299,1299,1299,1299,1299,1299,1299,1299,1299,1299,1299,1299,1299,1299,1299,1299,1299,1299,1299,1299,1299,1299,1299,1299,1299,1299,1299,1299,1299,1299,1299,1299,1299,まるむすてぃ?ん
10,1267,1267,1267,1267,1267,1267,1267,1267,1267,1267,1267,1267,1267,1267,1267,1267,1267,1267,1267,1267,1267,1267,1267,1267,1267,1267,1267,1267,1267,1267,1267,1267,1267,1267,1267,1267,1267,1267,1267,†とわいらいと†
11,1232,1232,1232,1232,1232,1232,1232,1232,1232,1232,1232,1232,1232,1232,1232,1232,1232,1232,1232,1232,1232,1232,1232,1232,1232,1232,1232,1232,1232,1232,1232,1232,1232,1232,1232,1232,1232,1232,1232,嵐山
12,1199,1199,1199,1199,1199,1199,1199,1199,1199,1199,1199,1199,1199,1199,1199,1199,1199,1199,1199,1199,1199,1199,1199,1199,1199,1199,1199,1199,1199,1199,1199,1199,1199,1199,1199,1199,1199,1199,1199,早乙女学園?
13,1199,1199,1199,1199,1199,1199,1199,1199,1199,1199,1199,1199,1199,1199,1199,1199,1199,1199,1199,1199,1199,1199,1199,1199,1199,1199,1199,1199,1199,1199,1199,1199,1199,1199,1199,1199,1199,1199,1199,さんせっと??
14,1182,1182,1182,1182,1182,1182,1182,1182,1182,1182,1182,1182,1182,1182,1182,1182,1182,1182,1182,1182,1182,1182,1182,1182,1182,1182,1182,1182,1182,1182,1182,1182,1182,1182,1182,1182,1182,1182,1182,えすぽらーず
15,1169,1169,1169,1169,1169,1169,1169,1169,1169,1169,1169,1169,1169,1169,1169,1169,1169,1169,1169,1169,1169,1169,1169,1169,1169,1169,1169,1169,1169,1169,1169,1169,1169,1169,1169,1169,1169,1169,1169,カーバンクル
16,1148,1148,1148,1148,1148,1148,1148,1148,1148,1148,1148,1148,1148,1148,1148,1148,1148,1148,1148,1148,1148,1148,1148,1148,1148,1148,1148,1148,1148,1148,1148,1148,1148,1148,1148,1148,1148,1148,1148,★愉快な仲間達☆
17,1148,1148,1148,1148,1148,1148,1148,1148,1148,1148,1148,1148,1148,1148,1148,1148,1148,1148,1148,1148,1148,1148,1148,1148,1148,1148,1148,1148,1148,1148,1148,1148,1148,1148,1148,1148,1148,1148,1148,tipo
18,1148,1148,1148,1148,1148,1148,1148,1148,1148,1148,1148,1148,1148,1148,1148,1148,1148,1148,1148,1148,1148,1148,1148,1148,1148,1148,1148,1148,1148,1148,1148,1148,1148,1148,1148,1148,1148,1148,1148,谷口ぴーまん
19,1134,1134,1134,1134,1134,1134,1134,1134,1134,1134,1134,1134,1134,1134,1134,1134,1134,1134,1134,1134,1134,1134,1134,1134,1134,1134,1134,1134,1134,1134,1134,1134,1134,1134,1134,1134,1134,1134,1134,?いちごぷよ隊?
20,1123,1123,1123,1123,1123,1123,1123,1123,1123,1123,1123,1123,1123,1123,1123,1123,1123,1123,1123,1123,1123,1123,1123,1123,1123,1123,1123,1123,1123,1123,1123,1123,1123,1123,1123,1123,1123,1123,1123,ぴんぽーん
21,1116,1116,1116,1116,1116,1116,1116,1116,1116,1116,1116,1116,1116,1116,1116,1116,1116,1116,1116,1116,1116,1116,1116,1116,1116,1116,1116,1116,1116,1116,1116,1116,1116,1116,1116,1116,1116,1116,1116,たいようのほこら
22,1116,1116,1116,1116,1116,1116,1116,1116,1116,1116,1116,1116,1116,1116,1116,1116,1116,1116,1116,1116,1116,1116,1116,1116,1116,1116,1116,1116,1116,1116,1116,1116,1116,1116,1116,1116,1116,1116,1116,赤い妖精
23,1107,1107,1107,1107,1107,1107,1107,1107,1107,1107,1107,1107,1107,1107,1107,1107,1107,1107,1107,1107,1107,1107,1107,1107,1107,1107,1107,1107,1107,1107,1107,1107,1107,1107,1107,1107,1107,1107,1107,RedbuII?
24,1105,1105,1105,1105,1105,1105,1105,1105,1105,1105,1105,1105,1105,1105,1105,1105,1105,1105,1105,1105,1105,1105,1105,1105,1105,1105,1105,1105,1105,1105,1105,1105,1105,1105,1105,1105,1105,1105,1105,?Ｃlair?
25,1104,1104,1104,1104,1104,1104,1104,1104,1104,1104,1104,1104,1104,1104,1104,1104,1104,1104,1104,1104,1104,1104,1104,1104,1104,1104,1104,1104,1104,1104,1104,1104,1104,1104,1104,1104,1104,1104,1104,かおりワールド
26,1101,1101,1101,1101,1101,1101,1101,1101,1101,1101,1101,1101,1101,1101,1101,1101,1101,1101,1101,1101,1101,1101,1101,1101,1101,1101,1101,1101,1101,1101,1101,1101,1101,1101,1101,1101,1101,1101,1101,淡麗生!!
27,1099,1099,1099,1099,1099,1099,1099,1099,1099,1099,1099,1099,1099,1099,1099,1099,1099,1099,1099,1099,1099,1099,1099,1099,1099,1099,1099,1099,1099,1099,1099,1099,1099,1099,1099,1099,1099,1099,1099,一生を寝てい隊
28,1099,1099,1099,1099,1099,1099,1099,1099,1099,1099,1099,1099,1099,1099,1099,1099,1099,1099,1099,1099,1099,1099,1099,1099,1099,1099,1099,1099,1099,1099,1099,1099,1099,1099,1099,1099,1099,1099,1099,V.I.P.
29,1099,1099,1099,1099,1099,1099,1099,1099,1099,1099,1099,1099,1099,1099,1099,1099,1099,1099,1099,1099,1099,1099,1099,1099,1099,1099,1099,1099,1099,1099,1099,1099,1099,1099,1099,1099,1099,1099,1099,だらゴロ・囚・
30,1099,1099,1099,1099,1099,1099,1099,1099,1099,1099,1099,1099,1099,1099,1099,1099,1099,1099,1099,1099,1099,1099,1099,1099,1099,1099,1099,1099,1099,1099,1099,1099,1099,1099,1099,1099,1099,1099,1099,自由都市ももにち
31,1099,1099,1099,1099,1099,1099,1099,1099,1099,1099,1099,1099,1099,1099,1099,1099,1099,1099,1099,1099,1099,1099,1099,1099,1099,1099,1099,1099,1099,1099,1099,1099,1099,1099,1099,1099,1099,1099,1099,ねこたらんど
32,1093,1093,1093,1093,1093,1093,1093,1093,1093,1093,1093,1093,1093,1093,1093,1093,1093,1093,1093,1093,1093,1093,1093,1093,1093,1093,1093,1093,1093,1093,1093,1093,1093,1093,1093,1093,1093,1093,1093,かもみ〜るかふぇ
33,1089,1089,1089,1089,1089,1089,1089,1089,1089,1089,1089,1089,1089,1089,1089,1089,1089,1089,1089,1089,1089,1089,1089,1089,1089,1089,1089,1089,1089,1089,1089,1089,1089,1089,1089,1089,1089,1089,1089,賢者モード
34,1087,1087,1087,1087,1087,1087,1087,1087,1087,1087,1087,1087,1087,1087,1087,1087,1087,1087,1087,1087,1087,1087,1087,1087,1087,1087,1087,1087,1087,1087,1087,1087,1087,1087,1087,1087,1087,1087,1087,?怪盗スケルトン
35,1072,1072,1072,1072,1072,1072,1072,1072,1072,1072,1072,1072,1072,1072,1072,1072,1072,1072,1072,1072,1072,1072,1072,1072,1072,1072,1072,1072,1072,1072,1072,1072,1072,1072,1072,1072,1072,1072,1072,ももピーチ帝国
36,1068,1068,1068,1068,1068,1068,1068,1068,1068,1068,1068,1068,1068,1068,1068,1068,1068,1068,1068,1068,1068,1068,1068,1068,1068,1068,1068,1068,1068,1068,1068,1068,1068,1068,1068,1068,1068,1068,1068,にゃ?んだふる♪
37,1066,1066,1066,1066,1066,1066,1066,1066,1066,1066,1066,1066,1066,1066,1066,1066,1066,1066,1066,1066,1066,1066,1066,1066,1066,1066,1066,1066,1066,1066,1066,1066,1066,1066,1066,1066,1066,1066,1066,ねこずき
38,1058,1058,1058,1058,1058,1058,1058,1058,1058,1058,1058,1058,1058,1058,1058,1058,1058,1058,1058,1058,1058,1058,1058,1058,1058,1058,1058,1058,1058,1058,1058,1058,1058,1058,1058,1058,1058,1058,1058,ぷよクエ楽しみ隊
39,1058,1058,1058,1058,1058,1058,1058,1058,1058,1058,1058,1058,1058,1058,1058,1058,1058,1058,1058,1058,1058,1058,1058,1058,1058,1058,1058,1058,1058,1058,1058,1058,1058,1058,1058,1058,1058,1058,1058,☆命蓮寺☆
40,1057,1057,1057,1057,1057,1057,1057,1057,1057,1057,1057,1057,1057,1057,1057,1057,1057,1057,1057,1057,1057,1057,1057,1057,1057,1057,1057,1057,1057,1057,1057,1057,1057,1057,1057,1057,1057,1057,1057,いえろ〜こんび♪
41,1057,1057,1057,1057,1057,1057,1057,1057,1057,1057,1057,1057,1057,1057,1057,1057,1057,1057,1057,1057,1057,1057,1057,1057,1057,1057,1057,1057,1057,1057,1057,1057,1057,1057,1057,1057,1057,1057,1057,無課金こそ愉悦!
42,1051,1051,1051,1051,1051,1051,1051,1051,1051,1051,1051,1051,1051,1051,1051,1051,1051,1051,1051,1051,1051,1051,1051,1051,1051,1051,1051,1051,1051,1051,1051,1051,1051,1051,1051,1051,1051,1051,1051,かわいいはせいぎ
43,1049,1049,1049,1049,1049,1049,1049,1049,1049,1049,1049,1049,1049,1049,1049,1049,1049,1049,1049,1049,1049,1049,1049,1049,1049,1049,1049,1049,1049,1049,1049,1049,1049,1049,1049,1049,1049,1049,1049,やわらかギルド
44,1049,1049,1049,1049,1049,1049,1049,1049,1049,1049,1049,1049,1049,1049,1049,1049,1049,1049,1049,1049,1049,1049,1049,1049,1049,1049,1049,1049,1049,1049,1049,1049,1049,1049,1049,1049,1049,1049,1049,†魔導学校†
45,1048,1048,1048,1048,1048,1048,1048,1048,1048,1048,1048,1048,1048,1048,1048,1048,1048,1048,1048,1048,1048,1048,1048,1048,1048,1048,1048,1048,1048,1048,1048,1048,1048,1048,1048,1048,1048,1048,1048,ＢＢ団
46,1048,1048,1048,1048,1048,1048,1048,1048,1048,1048,1048,1048,1048,1048,1048,1048,1048,1048,1048,1048,1048,1048,1048,1048,1048,1048,1048,1048,1048,1048,1048,1048,1048,1048,1048,1048,1048,1048,1048,プリンシパル☆彡
47,1047,1047,1047,1047,1047,1047,1047,1047,1047,1047,1047,1047,1047,1047,1047,1047,1047,1047,1047,1047,1047,1047,1047,1047,1047,1047,1047,1047,1047,1047,1047,1047,1047,1047,1047,1047,1047,1047,1047,チームかわいい
48,1046,1046,1046,1046,1046,1046,1046,1046,1046,1046,1046,1046,1046,1046,1046,1046,1046,1046,1046,1046,1046,1046,1046,1046,1046,1046,1046,1046,1046,1046,1046,1046,1046,1046,1046,1046,1046,1046,1046,LovE?
49,1037,1037,1037,1037,1037,1037,1037,1037,1037,1037,1037,1037,1037,1037,1037,1037,1037,1037,1037,1037,1037,1037,1037,1037,1037,1037,1037,1037,1037,1037,1037,1037,1037,1037,1037,1037,1037,1037,1037,Luxillia
50,1036,1036,1036,1036,1036,1036,1036,1036,1036,1036,1036,1036,1036,1036,1036,1036,1036,1036,1036,1036,1036,1036,1036,1036,1036,1036,1036,1036,1036,1036,1036,1036,1036,1036,1036,1036,1036,1036,1036,Antenna
51,1032,1032,1032,1032,1032,1032,1032,1032,1032,1032,1032,1032,1032,1032,1032,1032,1032,1032,1032,1032,1032,1032,1032,1032,1032,1032,1032,1032,1032,1032,1032,1032,1032,1032,1032,1032,1032,1032,1032,★エーミール★
52,1026,1026,1026,1026,1026,1026,1026,1026,1026,1026,1026,1026,1026,1026,1026,1026,1026,1026,1026,1026,1026,1026,1026,1026,1026,1026,1026,1026,1026,1026,1026,1026,1026,1026,1026,1026,1026,1026,1026,ねこぽよ軍??
53,1017,1017,1017,1017,1017,1017,1017,1017,1017,1017,1017,1017,1017,1017,1017,1017,1017,1017,1017,1017,1017,1017,1017,1017,1017,1017,1017,1017,1017,1017,1017,1017,1017,1017,1017,1017,1017,1017,1017,とれっきんぐ
54,1016,1016,1016,1016,1016,1016,1016,1016,1016,1016,1016,1016,1016,1016,1016,1016,1016,1016,1016,1016,1016,1016,1016,1016,1016,1016,1016,1016,1016,1016,1016,1016,1016,1016,1016,1016,1016,1016,1016,陽だまりのねこ?
55,1015,1015,1015,1015,1015,1015,1015,1015,1015,1015,1015,1015,1015,1015,1015,1015,1015,1015,1015,1015,1015,1015,1015,1015,1015,1015,1015,1015,1015,1015,1015,1015,1015,1015,1015,1015,1015,1015,1015,MYM318☆彡
56,1012,1012,1012,1012,1012,1012,1012,1012,1012,1012,1012,1012,1012,1012,1012,1012,1012,1012,1012,1012,1012,1012,1012,1012,1012,1012,1012,1012,1012,1012,1012,1012,1012,1012,1012,1012,1012,1012,1012,ぷよろう会
57,1012,1012,1012,1012,1012,1012,1012,1012,1012,1012,1012,1012,1012,1012,1012,1012,1012,1012,1012,1012,1012,1012,1012,1012,1012,1012,1012,1012,1012,1012,1012,1012,1012,1012,1012,1012,1012,1012,1012,からあげ流星群
58,1011,1011,1011,1011,1011,1011,1011,1011,1011,1011,1011,1011,1011,1011,1011,1011,1011,1011,1011,1011,1011,1011,1011,1011,1011,1011,1011,1011,1011,1011,1011,1011,1011,1011,1011,1011,1011,1011,1011,手製ぷよ
59,1010,1010,1010,1010,1010,1010,1010,1010,1010,1010,1010,1010,1010,1010,1010,1010,1010,1010,1010,1010,1010,1010,1010,1010,1010,1010,1010,1010,1010,1010,1010,1010,1010,1010,1010,1010,1010,1010,1010,にないか
60,1006,1006,1006,1006,1006,1006,1006,1006,1006,1006,1006,1006,1006,1006,1006,1006,1006,1006,1006,1006,1006,1006,1006,1006,1006,1006,1006,1006,1006,1006,1006,1006,1006,1006,1006,1006,1006,1006,1006,同じ穴のぷよら〜
61,1002,1002,1002,1002,1002,1002,1002,1002,1002,1002,1002,1002,1002,1002,1002,1002,1002,1002,1002,1002,1002,1002,1002,1002,1002,1002,1002,1002,1002,1002,1002,1002,1002,1002,1002,1002,1002,1002,1002,パンダ百匹！！
62,1001,1001,1001,1001,1001,1001,1001,1001,1001,1001,1001,1001,1001,1001,1001,1001,1001,1001,1001,1001,1001,1001,1001,1001,1001,1001,1001,1001,1001,1001,1001,1001,1001,1001,1001,1001,1001,1001,1001,ぷよビ〜ッチ☆
63,999,999,999,999,999,999,999,999,999,999,999,999,999,999,999,999,999,999,999,999,999,999,999,999,999,999,999,999,999,999,999,999,999,999,999,999,999,999,999,ぼっち同盟
64,995,995,995,995,995,995,995,995,995,995,995,995,995,995,995,995,995,995,995,995,995,995,995,995,995,995,995,995,995,995,995,995,995,995,995,995,995,995,995,ちょびぎるど
65,992,992,992,992,992,992,992,992,992,992,992,992,992,992,992,992,992,992,992,992,992,992,992,992,992,992,992,992,992,992,992,992,992,992,992,992,992,992,992,Lαvｉn&#039;υ?
66,987,987,987,987,987,987,987,987,987,987,987,987,987,987,987,987,987,987,987,987,987,987,987,987,987,987,987,987,987,987,987,987,987,987,987,987,987,987,987,チームかつをぶし
67,983,983,983,983,983,983,983,983,983,983,983,983,983,983,983,983,983,983,983,983,983,983,983,983,983,983,983,983,983,983,983,983,983,983,983,983,983,983,983,無KG板ギルド
68,978,978,978,978,978,978,978,978,978,978,978,978,978,978,978,978,978,978,978,978,978,978,978,978,978,978,978,978,978,978,978,978,978,978,978,978,978,978,978,ブルーウィング
69,970,970,970,970,970,970,970,970,970,970,970,970,970,970,970,970,970,970,970,970,970,970,970,970,970,970,970,970,970,970,970,970,970,970,970,970,970,970,970,お笑い?研究府
70,969,969,969,969,969,969,969,969,969,969,969,969,969,969,969,969,969,969,969,969,969,969,969,969,969,969,969,969,969,969,969,969,969,969,969,969,969,969,969,ひろす
71,961,961,961,961,961,961,961,961,961,961,961,961,961,961,961,961,961,961,961,961,961,961,961,961,961,961,961,961,961,961,961,961,961,961,961,961,961,961,961,Buzz?
72,959,959,959,959,959,959,959,959,959,959,959,959,959,959,959,959,959,959,959,959,959,959,959,959,959,959,959,959,959,959,959,959,959,959,959,959,959,959,959,果物の缶詰
73,959,959,959,959,959,959,959,959,959,959,959,959,959,959,959,959,959,959,959,959,959,959,959,959,959,959,959,959,959,959,959,959,959,959,959,959,959,959,959,うさぎの巣?
74,955,955,955,955,955,955,955,955,955,955,955,955,955,955,955,955,955,955,955,955,955,955,955,955,955,955,955,955,955,955,955,955,955,955,955,955,955,955,955,ぷよっとパニック
75,951,951,951,951,951,951,951,951,951,951,951,951,951,951,951,951,951,951,951,951,951,951,951,951,951,951,951,951,951,951,951,951,951,951,951,951,951,951,951,コンパイルクラブ
76,949,949,949,949,949,949,949,949,949,949,949,949,949,949,949,949,949,949,949,949,949,949,949,949,949,949,949,949,949,949,949,949,949,949,949,949,949,949,949,みなみけ
77,944,944,944,944,944,944,944,944,944,944,944,944,944,944,944,944,944,944,944,944,944,944,944,944,944,944,944,944,944,944,944,944,944,944,944,944,944,944,944,Ｋ２
78,939,939,939,939,939,939,939,939,939,939,939,939,939,939,939,939,939,939,939,939,939,939,939,939,939,939,939,939,939,939,939,939,939,939,939,939,939,939,939,AGILE
79,935,935,935,935,935,935,935,935,935,935,935,935,935,935,935,935,935,935,935,935,935,935,935,935,935,935,935,935,935,935,935,935,935,935,935,935,935,935,935,BestLuck
80,935,935,935,935,935,935,935,935,935,935,935,935,935,935,935,935,935,935,935,935,935,935,935,935,935,935,935,935,935,935,935,935,935,935,935,935,935,935,935,let&#039;sぷよ！
81,932,932,932,932,932,932,932,932,932,932,932,932,932,932,932,932,932,932,932,932,932,932,932,932,932,932,932,932,932,932,932,932,932,932,932,932,932,932,932,みなとみらい
82,930,930,930,930,930,930,930,930,930,930,930,930,930,930,930,930,930,930,930,930,930,930,930,930,930,930,930,930,930,930,930,930,930,930,930,930,930,930,930,トウーンタウン
83,928,928,928,928,928,928,928,928,928,928,928,928,928,928,928,928,928,928,928,928,928,928,928,928,928,928,928,928,928,928,928,928,928,928,928,928,928,928,928,2chスレギルド
84,928,928,928,928,928,928,928,928,928,928,928,928,928,928,928,928,928,928,928,928,928,928,928,928,928,928,928,928,928,928,928,928,928,928,928,928,928,928,928,Blackチョコ
85,927,927,927,927,927,927,927,927,927,927,927,927,927,927,927,927,927,927,927,927,927,927,927,927,927,927,927,927,927,927,927,927,927,927,927,927,927,927,927,北の大地☆人情派
86,921,921,921,921,921,921,921,921,921,921,921,921,921,921,921,921,921,921,921,921,921,921,921,921,921,921,921,921,921,921,921,921,921,921,921,921,921,921,921,ジュビレーション
87,919,919,919,919,919,919,919,919,919,919,919,919,919,919,919,919,919,919,919,919,919,919,919,919,919,919,919,919,919,919,919,919,919,919,919,919,919,919,919,TEREON&#039;s
88,912,912,912,912,912,912,912,912,912,912,912,912,912,912,912,912,912,912,912,912,912,912,912,912,912,912,912,912,912,912,912,912,912,912,912,912,912,912,912,Law@
89,911,911,911,911,911,911,911,911,911,911,911,911,911,911,911,911,911,911,911,911,911,911,911,911,911,911,911,911,911,911,911,911,911,911,911,911,911,911,911,ミッドガルド?
90,909,909,909,909,909,909,909,909,909,909,909,909,909,909,909,909,909,909,909,909,909,909,909,909,909,909,909,909,909,909,909,909,909,909,909,909,909,909,909,ぐみぷよ
91,909,909,909,909,909,909,909,909,909,909,909,909,909,909,909,909,909,909,909,909,909,909,909,909,909,909,909,909,909,909,909,909,909,909,909,909,909,909,909,猫好き仙人界
92,908,908,908,908,908,908,908,908,908,908,908,908,908,908,908,908,908,908,908,908,908,908,908,908,908,908,908,908,908,908,908,908,908,908,908,908,908,908,908,佐久間上水
93,904,904,904,904,904,904,904,904,904,904,904,904,904,904,904,904,904,904,904,904,904,904,904,904,904,904,904,904,904,904,904,904,904,904,904,904,904,904,904,ラフィ亭
94,901,901,901,901,901,901,901,901,901,901,901,901,901,901,901,901,901,901,901,901,901,901,901,901,901,901,901,901,901,901,901,901,901,901,901,901,901,901,901,エール15時〜早
95,900,900,900,900,900,900,900,900,900,900,900,900,900,900,900,900,900,900,900,900,900,900,900,900,900,900,900,900,900,900,900,900,900,900,900,900,900,900,900,ギルド一ナツ
96,899,899,899,899,899,899,899,899,899,899,899,899,899,899,899,899,899,899,899,899,899,899,899,899,899,899,899,899,899,899,899,899,899,899,899,899,899,899,899,☆ネコカフェ☆
97,897,897,897,897,897,897,897,897,897,897,897,897,897,897,897,897,897,897,897,897,897,897,897,897,897,897,897,897,897,897,897,897,897,897,897,897,897,897,897,Gunners!
98,895,895,895,895,895,895,895,895,895,895,895,895,895,895,895,895,895,895,895,895,895,895,895,895,895,895,895,895,895,895,895,895,895,895,895,895,895,895,895,SPIRAL★彡
99,895,895,895,895,895,895,895,895,895,895,895,895,895,895,895,895,895,895,895,895,895,895,895,895,895,895,895,895,895,895,895,895,895,895,895,895,895,895,895,???☆
100,894,894,894,894,894,894,894,894,894,894,894,894,894,894,894,894,894,894,894,894,894,894,894,894,894,894,894,894,894,894,894,894,894,894,894,894,894,894,894,ファンタビーチ
101,891,891,891,891,891,891,891,891,891,891,891,891,891,891,891,891,891,891,891,891,891,891,891,891,891,891,891,891,891,891,891,891,891,891,891,891,891,891,891,?アンシェル?
102,891,891,891,891,891,891,891,891,891,891,891,891,891,891,891,891,891,891,891,891,891,891,891,891,891,891,891,891,891,891,891,891,891,891,891,891,891,891,891,ぁひるたいちょ組
103,882,882,882,882,882,882,882,882,882,882,882,882,882,882,882,882,882,882,882,882,882,882,882,882,882,882,882,882,882,882,882,882,882,882,882,882,882,882,882,遊戯都市第七地区
104,879,879,879,879,879,879,879,879,879,879,879,879,879,879,879,879,879,879,879,879,879,879,879,879,879,879,879,879,879,879,879,879,879,879,879,879,879,879,879,六猫?おーき軍
105,873,873,873,873,873,873,873,873,873,873,873,873,873,873,873,873,873,873,873,873,873,873,873,873,873,873,873,873,873,873,873,873,873,873,873,873,873,873,873,コスモツリー
106,862,862,862,862,862,862,862,862,862,862,862,862,862,862,862,862,862,862,862,862,862,862,862,862,862,862,862,862,862,862,862,862,862,862,862,862,862,862,862,まったり勢。
107,862,862,862,862,862,862,862,862,862,862,862,862,862,862,862,862,862,862,862,862,862,862,862,862,862,862,862,862,862,862,862,862,862,862,862,862,862,862,862,ぷよく鉛筆?HB
108,860,860,860,860,860,860,860,860,860,860,860,860,860,860,860,860,860,860,860,860,860,860,860,860,860,860,860,860,860,860,860,860,860,860,860,860,860,860,860,パーミテーション
109,859,859,859,859,859,859,859,859,859,859,859,859,859,859,859,859,859,859,859,859,859,859,859,859,859,859,859,859,859,859,859,859,859,859,859,859,859,859,859,will
110,853,853,853,853,853,853,853,853,853,853,853,853,853,853,853,853,853,853,853,853,853,853,853,853,853,853,853,853,853,853,853,853,853,853,853,853,853,853,853,COLORS＊*
111,847,847,847,847,847,847,847,847,847,847,847,847,847,847,847,847,847,847,847,847,847,847,847,847,847,847,847,847,847,847,847,847,847,847,847,847,847,847,847,?水守革命?
112,847,847,847,847,847,847,847,847,847,847,847,847,847,847,847,847,847,847,847,847,847,847,847,847,847,847,847,847,847,847,847,847,847,847,847,847,847,847,847,チームやどかり
113,846,846,846,846,846,846,846,846,846,846,846,846,846,846,846,846,846,846,846,846,846,846,846,846,846,846,846,846,846,846,846,846,846,846,846,846,846,846,846,あおいの御紋
114,843,843,843,843,843,843,843,843,843,843,843,843,843,843,843,843,843,843,843,843,843,843,843,843,843,843,843,843,843,843,843,843,843,843,843,843,843,843,843,Tぷよ軍団
115,842,842,842,842,842,842,842,842,842,842,842,842,842,842,842,842,842,842,842,842,842,842,842,842,842,842,842,842,842,842,842,842,842,842,842,842,842,842,842,?月蝕雑技団?
116,841,841,841,841,841,841,841,841,841,841,841,841,841,841,841,841,841,841,841,841,841,841,841,841,841,841,841,841,841,841,841,841,841,841,841,841,841,841,841,ウィッチ魔法学院
117,839,839,839,839,839,839,839,839,839,839,839,839,839,839,839,839,839,839,839,839,839,839,839,839,839,839,839,839,839,839,839,839,839,839,839,839,839,839,839,?KoB?
118,837,837,837,837,837,837,837,837,837,837,837,837,837,837,837,837,837,837,837,837,837,837,837,837,837,837,837,837,837,837,837,837,837,837,837,837,837,837,837,みんなでぷよぷよ
119,836,836,836,836,836,836,836,836,836,836,836,836,836,836,836,836,836,836,836,836,836,836,836,836,836,836,836,836,836,836,836,836,836,836,836,836,836,836,836,ぷよクエRUSH
120,836,836,836,836,836,836,836,836,836,836,836,836,836,836,836,836,836,836,836,836,836,836,836,836,836,836,836,836,836,836,836,836,836,836,836,836,836,836,836,かーくんギルド
121,831,831,831,831,831,831,831,831,831,831,831,831,831,831,831,831,831,831,831,831,831,831,831,831,831,831,831,831,831,831,831,831,831,831,831,831,831,831,831,にゃまにゃま
122,828,828,828,828,828,828,828,828,828,828,828,828,828,828,828,828,828,828,828,828,828,828,828,828,828,828,828,828,828,828,828,828,828,828,828,828,828,828,828,魔神宮
123,827,827,827,827,827,827,827,827,827,827,827,827,827,827,827,827,827,827,827,827,827,827,827,827,827,827,827,827,827,827,827,827,827,827,827,827,827,827,827,シルバーシープ?
124,826,826,826,826,826,826,826,826,826,826,826,826,826,826,826,826,826,826,826,826,826,826,826,826,826,826,826,826,826,826,826,826,826,826,826,826,826,826,826,ももぐみ
125,825,825,825,825,825,825,825,825,825,825,825,825,825,825,825,825,825,825,825,825,825,825,825,825,825,825,825,825,825,825,825,825,825,825,825,825,825,825,825,CMB
126,825,825,825,825,825,825,825,825,825,825,825,825,825,825,825,825,825,825,825,825,825,825,825,825,825,825,825,825,825,825,825,825,825,825,825,825,825,825,825,ぷよよん同盟
127,824,824,824,824,824,824,824,824,824,824,824,824,824,824,824,824,824,824,824,824,824,824,824,824,824,824,824,824,824,824,824,824,824,824,824,824,824,824,824,Promis?
128,824,824,824,824,824,824,824,824,824,824,824,824,824,824,824,824,824,824,824,824,824,824,824,824,824,824,824,824,824,824,824,824,824,824,824,824,824,824,824,エランド
129,823,823,823,823,823,823,823,823,823,823,823,823,823,823,823,823,823,823,823,823,823,823,823,823,823,823,823,823,823,823,823,823,823,823,823,823,823,823,823,じゅげむ♪♪
130,822,822,822,822,822,822,822,822,822,822,822,822,822,822,822,822,822,822,822,822,822,822,822,822,822,822,822,822,822,822,822,822,822,822,822,822,822,822,822,ほうきぼし
131,822,822,822,822,822,822,822,822,822,822,822,822,822,822,822,822,822,822,822,822,822,822,822,822,822,822,822,822,822,822,822,822,822,822,822,822,822,822,822,サークルフォイ
132,820,820,820,820,820,820,820,820,820,820,820,820,820,820,820,820,820,820,820,820,820,820,820,820,820,820,820,820,820,820,820,820,820,820,820,820,820,820,820,ぷにっぷに〜！
133,820,820,820,820,820,820,820,820,820,820,820,820,820,820,820,820,820,820,820,820,820,820,820,820,820,820,820,820,820,820,820,820,820,820,820,820,820,820,820,ぷよりすと♪
134,814,814,814,814,814,814,814,814,814,814,814,814,814,814,814,814,814,814,814,814,814,814,814,814,814,814,814,814,814,814,814,814,814,814,814,814,814,814,814,でぃあれすと
135,812,812,812,812,812,812,812,812,812,812,812,812,812,812,812,812,812,812,812,812,812,812,812,812,812,812,812,812,812,812,812,812,812,812,812,812,812,812,812,Rash☆TM
136,812,812,812,812,812,812,812,812,812,812,812,812,812,812,812,812,812,812,812,812,812,812,812,812,812,812,812,812,812,812,812,812,812,812,812,812,812,812,812,ぷよよよよよん?
137,806,806,806,806,806,806,806,806,806,806,806,806,806,806,806,806,806,806,806,806,806,806,806,806,806,806,806,806,806,806,806,806,806,806,806,806,806,806,806,LxStella
138,806,806,806,806,806,806,806,806,806,806,806,806,806,806,806,806,806,806,806,806,806,806,806,806,806,806,806,806,806,806,806,806,806,806,806,806,806,806,806,おいもいも
139,806,806,806,806,806,806,806,806,806,806,806,806,806,806,806,806,806,806,806,806,806,806,806,806,806,806,806,806,806,806,806,806,806,806,806,806,806,806,806,?地獄の3丁目?
140,804,804,804,804,804,804,804,804,804,804,804,804,804,804,804,804,804,804,804,804,804,804,804,804,804,804,804,804,804,804,804,804,804,804,804,804,804,804,804,うたうんだ村
141,800,800,800,800,800,800,800,800,800,800,800,800,800,800,800,800,800,800,800,800,800,800,800,800,800,800,800,800,800,800,800,800,800,800,800,800,800,800,800,ねこのうにメロン
142,799,799,799,799,799,799,799,799,799,799,799,799,799,799,799,799,799,799,799,799,799,799,799,799,799,799,799,799,799,799,799,799,799,799,799,799,799,799,799,?ぷよりんず?
143,797,797,797,797,797,797,797,797,797,797,797,797,797,797,797,797,797,797,797,797,797,797,797,797,797,797,797,797,797,797,797,797,797,797,797,797,797,797,797,エリザベート21
144,797,797,797,797,797,797,797,797,797,797,797,797,797,797,797,797,797,797,797,797,797,797,797,797,797,797,797,797,797,797,797,797,797,797,797,797,797,797,797,きずな☆タワー
145,797,797,797,797,797,797,797,797,797,797,797,797,797,797,797,797,797,797,797,797,797,797,797,797,797,797,797,797,797,797,797,797,797,797,797,797,797,797,797,猫娘。亭
146,795,795,795,795,795,795,795,795,795,795,795,795,795,795,795,795,795,795,795,795,795,795,795,795,795,795,795,795,795,795,795,795,795,795,795,795,795,795,795,ぷよります会☆
147,794,794,794,794,794,794,794,794,794,794,794,794,794,794,794,794,794,794,794,794,794,794,794,794,794,794,794,794,794,794,794,794,794,794,794,794,794,794,794,ぷにょぷにん?
148,791,791,791,791,791,791,791,791,791,791,791,791,791,791,791,791,791,791,791,791,791,791,791,791,791,791,791,791,791,791,791,791,791,791,791,791,791,791,791,あるぱっか牧場
149,786,786,786,786,786,786,786,786,786,786,786,786,786,786,786,786,786,786,786,786,786,786,786,786,786,786,786,786,786,786,786,786,786,786,786,786,786,786,786,レベルアーップ！
150,781,781,781,781,781,781,781,781,781,781,781,781,781,781,781,781,781,781,781,781,781,781,781,781,781,781,781,781,781,781,781,781,781,781,781,781,781,781,781,掲示板をみてね♪
151,778,778,778,778,778,778,778,778,778,778,778,778,778,778,778,778,778,778,778,778,778,778,778,778,778,778,778,778,778,778,778,778,778,778,778,778,778,778,778,Sirius?
152,774,774,774,774,774,774,774,774,774,774,774,774,774,774,774,774,774,774,774,774,774,774,774,774,774,774,774,774,774,774,774,774,774,774,774,774,774,774,774,お腹@ばよ?支店
153,774,774,774,774,774,774,774,774,774,774,774,774,774,774,774,774,774,774,774,774,774,774,774,774,774,774,774,774,774,774,774,774,774,774,774,774,774,774,774,しーこ
154,772,772,772,772,772,772,772,772,772,772,772,772,772,772,772,772,772,772,772,772,772,772,772,772,772,772,772,772,772,772,772,772,772,772,772,772,772,772,772,JanneABC
155,772,772,772,772,772,772,772,772,772,772,772,772,772,772,772,772,772,772,772,772,772,772,772,772,772,772,772,772,772,772,772,772,772,772,772,772,772,772,772,がんばりまっくす
156,772,772,772,772,772,772,772,772,772,772,772,772,772,772,772,772,772,772,772,772,772,772,772,772,772,772,772,772,772,772,772,772,772,772,772,772,772,772,772,まったりにゃーん
157,772,772,772,772,772,772,772,772,772,772,772,772,772,772,772,772,772,772,772,772,772,772,772,772,772,772,772,772,772,772,772,772,772,772,772,772,772,772,772,HOKKAIDO
158,771,771,771,771,771,771,771,771,771,771,771,771,771,771,771,771,771,771,771,771,771,771,771,771,771,771,771,771,771,771,771,771,771,771,771,771,771,771,771,セカハナの卵?
159,770,770,770,770,770,770,770,770,770,770,770,770,770,770,770,770,770,770,770,770,770,770,770,770,770,770,770,770,770,770,770,770,770,770,770,770,770,770,770,東京特許許可局
160,769,769,769,769,769,769,769,769,769,769,769,769,769,769,769,769,769,769,769,769,769,769,769,769,769,769,769,769,769,769,769,769,769,769,769,769,769,769,769,☆ぷよザイル☆
161,766,766,766,766,766,766,766,766,766,766,766,766,766,766,766,766,766,766,766,766,766,766,766,766,766,766,766,766,766,766,766,766,766,766,766,766,766,766,766,はーれむ
162,766,766,766,766,766,766,766,766,766,766,766,766,766,766,766,766,766,766,766,766,766,766,766,766,766,766,766,766,766,766,766,766,766,766,766,766,766,766,766,L?VE
163,764,764,764,764,764,764,764,764,764,764,764,764,764,764,764,764,764,764,764,764,764,764,764,764,764,764,764,764,764,764,764,764,764,764,764,764,764,764,764,☆月のうさぎ☆
164,763,763,763,763,763,763,763,763,763,763,763,763,763,763,763,763,763,763,763,763,763,763,763,763,763,763,763,763,763,763,763,763,763,763,763,763,763,763,763,楽しく遊ぶ団
165,761,761,761,761,761,761,761,761,761,761,761,761,761,761,761,761,761,761,761,761,761,761,761,761,761,761,761,761,761,761,761,761,761,761,761,761,761,761,761,クンパルシータ
166,757,757,757,757,757,757,757,757,757,757,757,757,757,757,757,757,757,757,757,757,757,757,757,757,757,757,757,757,757,757,757,757,757,757,757,757,757,757,757,Clock
167,757,757,757,757,757,757,757,757,757,757,757,757,757,757,757,757,757,757,757,757,757,757,757,757,757,757,757,757,757,757,757,757,757,757,757,757,757,757,757,チームさかな
168,756,756,756,756,756,756,756,756,756,756,756,756,756,756,756,756,756,756,756,756,756,756,756,756,756,756,756,756,756,756,756,756,756,756,756,756,756,756,756,会話なしギルド
169,755,755,755,755,755,755,755,755,755,755,755,755,755,755,755,755,755,755,755,755,755,755,755,755,755,755,755,755,755,755,755,755,755,755,755,755,755,755,755,わふー(＞ω＜)
170,754,754,754,754,754,754,754,754,754,754,754,754,754,754,754,754,754,754,754,754,754,754,754,754,754,754,754,754,754,754,754,754,754,754,754,754,754,754,754,らららコッペパン
171,753,753,753,753,753,753,753,753,753,753,753,753,753,753,753,753,753,753,753,753,753,753,753,753,753,753,753,753,753,753,753,753,753,753,753,753,753,753,753,脳みそコネコネ
172,752,752,752,752,752,752,752,752,752,752,752,752,752,752,752,752,752,752,752,752,752,752,752,752,752,752,752,752,752,752,752,752,752,752,752,752,752,752,752,あわわっ子
173,752,752,752,752,752,752,752,752,752,752,752,752,752,752,752,752,752,752,752,752,752,752,752,752,752,752,752,752,752,752,752,752,752,752,752,752,752,752,752,宮崎藩?
174,750,750,750,750,750,750,750,750,750,750,750,750,750,750,750,750,750,750,750,750,750,750,750,750,750,750,750,750,750,750,750,750,750,750,750,750,750,750,750,?上弦の月?
175,749,749,749,749,749,749,749,749,749,749,749,749,749,749,749,749,749,749,749,749,749,749,749,749,749,749,749,749,749,749,749,749,749,749,749,749,749,749,749,ピーナッツ☆彡
176,749,749,749,749,749,749,749,749,749,749,749,749,749,749,749,749,749,749,749,749,749,749,749,749,749,749,749,749,749,749,749,749,749,749,749,749,749,749,749,ピタゴラスイッチ
177,749,749,749,749,749,749,749,749,749,749,749,749,749,749,749,749,749,749,749,749,749,749,749,749,749,749,749,749,749,749,749,749,749,749,749,749,749,749,749,＊みるふぃーゆ＊
178,749,749,749,749,749,749,749,749,749,749,749,749,749,749,749,749,749,749,749,749,749,749,749,749,749,749,749,749,749,749,749,749,749,749,749,749,749,749,749,KYUSHU沖縄
179,749,749,749,749,749,749,749,749,749,749,749,749,749,749,749,749,749,749,749,749,749,749,749,749,749,749,749,749,749,749,749,749,749,749,749,749,749,749,749,鎌倉幕府
180,747,747,747,747,747,747,747,747,747,747,747,747,747,747,747,747,747,747,747,747,747,747,747,747,747,747,747,747,747,747,747,747,747,747,747,747,747,747,747,チームハマー
181,746,746,746,746,746,746,746,746,746,746,746,746,746,746,746,746,746,746,746,746,746,746,746,746,746,746,746,746,746,746,746,746,746,746,746,746,746,746,746,しろくまっ☆
182,744,744,744,744,744,744,744,744,744,744,744,744,744,744,744,744,744,744,744,744,744,744,744,744,744,744,744,744,744,744,744,744,744,744,744,744,744,744,744,マミーポコ
183,744,744,744,744,744,744,744,744,744,744,744,744,744,744,744,744,744,744,744,744,744,744,744,744,744,744,744,744,744,744,744,744,744,744,744,744,744,744,744,Lilac?
184,743,743,743,743,743,743,743,743,743,743,743,743,743,743,743,743,743,743,743,743,743,743,743,743,743,743,743,743,743,743,743,743,743,743,743,743,743,743,743,ArcadiA
185,741,741,741,741,741,741,741,741,741,741,741,741,741,741,741,741,741,741,741,741,741,741,741,741,741,741,741,741,741,741,741,741,741,741,741,741,741,741,741,Liberty☆
186,739,739,739,739,739,739,739,739,739,739,739,739,739,739,739,739,739,739,739,739,739,739,739,739,739,739,739,739,739,739,739,739,739,739,739,739,739,739,739,スイ?トヨコヅナ
187,738,738,738,738,738,738,738,738,738,738,738,738,738,738,738,738,738,738,738,738,738,738,738,738,738,738,738,738,738,738,738,738,738,738,738,738,738,738,738,ぱお〜ん！
188,737,737,737,737,737,737,737,737,737,737,737,737,737,737,737,737,737,737,737,737,737,737,737,737,737,737,737,737,737,737,737,737,737,737,737,737,737,737,737,育成しなイカ？
189,736,736,736,736,736,736,736,736,736,736,736,736,736,736,736,736,736,736,736,736,736,736,736,736,736,736,736,736,736,736,736,736,736,736,736,736,736,736,736,ますさん
190,735,735,735,735,735,735,735,735,735,735,735,735,735,735,735,735,735,735,735,735,735,735,735,735,735,735,735,735,735,735,735,735,735,735,735,735,735,735,735,花橘
191,735,735,735,735,735,735,735,735,735,735,735,735,735,735,735,735,735,735,735,735,735,735,735,735,735,735,735,735,735,735,735,735,735,735,735,735,735,735,735,輝きみーつぉー
192,734,734,734,734,734,734,734,734,734,734,734,734,734,734,734,734,734,734,734,734,734,734,734,734,734,734,734,734,734,734,734,734,734,734,734,734,734,734,734,自由空間五色の館
193,734,734,734,734,734,734,734,734,734,734,734,734,734,734,734,734,734,734,734,734,734,734,734,734,734,734,734,734,734,734,734,734,734,734,734,734,734,734,734,?ふぇんりる?
194,734,734,734,734,734,734,734,734,734,734,734,734,734,734,734,734,734,734,734,734,734,734,734,734,734,734,734,734,734,734,734,734,734,734,734,734,734,734,734,かーにばる☆彡
195,734,734,734,734,734,734,734,734,734,734,734,734,734,734,734,734,734,734,734,734,734,734,734,734,734,734,734,734,734,734,734,734,734,734,734,734,734,734,734,Ψきたから組
196,732,732,732,732,732,732,732,732,732,732,732,732,732,732,732,732,732,732,732,732,732,732,732,732,732,732,732,732,732,732,732,732,732,732,732,732,732,732,732,お手紙ちょ〜だぃ
197,732,732,732,732,732,732,732,732,732,732,732,732,732,732,732,732,732,732,732,732,732,732,732,732,732,732,732,732,732,732,732,732,732,732,732,732,732,732,732,進撃の無課金兵団
198,731,731,731,731,731,731,731,731,731,731,731,731,731,731,731,731,731,731,731,731,731,731,731,731,731,731,731,731,731,731,731,731,731,731,731,731,731,731,731,参加は自由でした
199,731,731,731,731,731,731,731,731,731,731,731,731,731,731,731,731,731,731,731,731,731,731,731,731,731,731,731,731,731,731,731,731,731,731,731,731,731,731,731,パーピュア
200,730,730,730,730,730,730,730,730,730,730,730,730,730,730,730,730,730,730,730,730,730,730,730,730,730,730,730,730,730,730,730,730,730,730,730,730,730,730,730,joyfull☆
201,729,729,729,729,729,729,729,729,729,729,729,729,729,729,729,729,729,729,729,729,729,729,729,729,729,729,729,729,729,729,729,729,729,729,729,729,729,729,729,にくきゅう
202,729,729,729,729,729,729,729,729,729,729,729,729,729,729,729,729,729,729,729,729,729,729,729,729,729,729,729,729,729,729,729,729,729,729,729,729,729,729,729,(?ω?)о〇
203,727,727,727,727,727,727,727,727,727,727,727,727,727,727,727,727,727,727,727,727,727,727,727,727,727,727,727,727,727,727,727,727,727,727,727,727,727,727,727,ふぁくとり〜♪
204,722,722,722,722,722,722,722,722,722,722,722,722,722,722,722,722,722,722,722,722,722,722,722,722,722,722,722,722,722,722,722,722,722,722,722,722,722,722,722,Pu---Yo
205,722,722,722,722,722,722,722,722,722,722,722,722,722,722,722,722,722,722,722,722,722,722,722,722,722,722,722,722,722,722,722,722,722,722,722,722,722,722,722,きまぐれいやー
206,719,719,719,719,719,719,719,719,719,719,719,719,719,719,719,719,719,719,719,719,719,719,719,719,719,719,719,719,719,719,719,719,719,719,719,719,719,719,719,めちゃんこ戦隊?
207,719,719,719,719,719,719,719,719,719,719,719,719,719,719,719,719,719,719,719,719,719,719,719,719,719,719,719,719,719,719,719,719,719,719,719,719,719,719,719,のんびり☆きまま
208,719,719,719,719,719,719,719,719,719,719,719,719,719,719,719,719,719,719,719,719,719,719,719,719,719,719,719,719,719,719,719,719,719,719,719,719,719,719,719,黝ぷよ騎士団
209,716,716,716,716,716,716,716,716,716,716,716,716,716,716,716,716,716,716,716,716,716,716,716,716,716,716,716,716,716,716,716,716,716,716,716,716,716,716,716,?七色の愛情??
210,716,716,716,716,716,716,716,716,716,716,716,716,716,716,716,716,716,716,716,716,716,716,716,716,716,716,716,716,716,716,716,716,716,716,716,716,716,716,716,のんびり仲良く
211,716,716,716,716,716,716,716,716,716,716,716,716,716,716,716,716,716,716,716,716,716,716,716,716,716,716,716,716,716,716,716,716,716,716,716,716,716,716,716,オワニモ時空転移
212,714,714,714,714,714,714,714,714,714,714,714,714,714,714,714,714,714,714,714,714,714,714,714,714,714,714,714,714,714,714,714,714,714,714,714,714,714,714,714,《無課金戦隊》
213,712,712,712,712,712,712,712,712,712,712,712,712,712,712,712,712,712,712,712,712,712,712,712,712,712,712,712,712,712,712,712,712,712,712,712,712,712,712,712,めろんぱんず
214,711,711,711,711,711,711,711,711,711,711,711,711,711,711,711,711,711,711,711,711,711,711,711,711,711,711,711,711,711,711,711,711,711,711,711,711,711,711,711,ぷよぷよTime
215,711,711,711,711,711,711,711,711,711,711,711,711,711,711,711,711,711,711,711,711,711,711,711,711,711,711,711,711,711,711,711,711,711,711,711,711,711,711,711,goro&#039;s
216,711,711,711,711,711,711,711,711,711,711,711,711,711,711,711,711,711,711,711,711,711,711,711,711,711,711,711,711,711,711,711,711,711,711,711,711,711,711,711,ウィッチ様FC
217,710,710,710,710,710,710,710,710,710,710,710,710,710,710,710,710,710,710,710,710,710,710,710,710,710,710,710,710,710,710,710,710,710,710,710,710,710,710,710,りらっくすたいむ
218,709,709,709,709,709,709,709,709,709,709,709,709,709,709,709,709,709,709,709,709,709,709,709,709,709,709,709,709,709,709,709,709,709,709,709,709,709,709,709,マリンバトル
219,709,709,709,709,709,709,709,709,709,709,709,709,709,709,709,709,709,709,709,709,709,709,709,709,709,709,709,709,709,709,709,709,709,709,709,709,709,709,709,チビコロ☆
220,709,709,709,709,709,709,709,709,709,709,709,709,709,709,709,709,709,709,709,709,709,709,709,709,709,709,709,709,709,709,709,709,709,709,709,709,709,709,709,すたんどあっぷ
221,708,708,708,708,708,708,708,708,708,708,708,708,708,708,708,708,708,708,708,708,708,708,708,708,708,708,708,708,708,708,708,708,708,708,708,708,708,708,708,あまぐり
222,707,707,707,707,707,707,707,707,707,707,707,707,707,707,707,707,707,707,707,707,707,707,707,707,707,707,707,707,707,707,707,707,707,707,707,707,707,707,707,ミカン
223,707,707,707,707,707,707,707,707,707,707,707,707,707,707,707,707,707,707,707,707,707,707,707,707,707,707,707,707,707,707,707,707,707,707,707,707,707,707,707,おいしいみかん
224,706,706,706,706,706,706,706,706,706,706,706,706,706,706,706,706,706,706,706,706,706,706,706,706,706,706,706,706,706,706,706,706,706,706,706,706,706,706,706,風来のぷよ使い
225,706,706,706,706,706,706,706,706,706,706,706,706,706,706,706,706,706,706,706,706,706,706,706,706,706,706,706,706,706,706,706,706,706,706,706,706,706,706,706,アクアベール
226,705,705,705,705,705,705,705,705,705,705,705,705,705,705,705,705,705,705,705,705,705,705,705,705,705,705,705,705,705,705,705,705,705,705,705,705,705,705,705,毎日猫をもふり隊
227,704,704,704,704,704,704,704,704,704,704,704,704,704,704,704,704,704,704,704,704,704,704,704,704,704,704,704,704,704,704,704,704,704,704,704,704,704,704,704,ぷ(♪-∀-)よ
228,702,702,702,702,702,702,702,702,702,702,702,702,702,702,702,702,702,702,702,702,702,702,702,702,702,702,702,702,702,702,702,702,702,702,702,702,702,702,702,ぷーぷよギルド
229,701,701,701,701,701,701,701,701,701,701,701,701,701,701,701,701,701,701,701,701,701,701,701,701,701,701,701,701,701,701,701,701,701,701,701,701,701,701,701,しろぷよ♪
230,700,700,700,700,700,700,700,700,700,700,700,700,700,700,700,700,700,700,700,700,700,700,700,700,700,700,700,700,700,700,700,700,700,700,700,700,700,700,700,モヤ2さまぁ〜ず
231,699,699,699,699,699,699,699,699,699,699,699,699,699,699,699,699,699,699,699,699,699,699,699,699,699,699,699,699,699,699,699,699,699,699,699,699,699,699,699,のんびりギル
232,699,699,699,699,699,699,699,699,699,699,699,699,699,699,699,699,699,699,699,699,699,699,699,699,699,699,699,699,699,699,699,699,699,699,699,699,699,699,699,?絶頂RUSH?
233,699,699,699,699,699,699,699,699,699,699,699,699,699,699,699,699,699,699,699,699,699,699,699,699,699,699,699,699,699,699,699,699,699,699,699,699,699,699,699,たけのこ派！
234,699,699,699,699,699,699,699,699,699,699,699,699,699,699,699,699,699,699,699,699,699,699,699,699,699,699,699,699,699,699,699,699,699,699,699,699,699,699,699,アオハライド☆彡
235,699,699,699,699,699,699,699,699,699,699,699,699,699,699,699,699,699,699,699,699,699,699,699,699,699,699,699,699,699,699,699,699,699,699,699,699,699,699,699,運命石の扉
236,699,699,699,699,699,699,699,699,699,699,699,699,699,699,699,699,699,699,699,699,699,699,699,699,699,699,699,699,699,699,699,699,699,699,699,699,699,699,699,グラン・シャリオ
237,699,699,699,699,699,699,699,699,699,699,699,699,699,699,699,699,699,699,699,699,699,699,699,699,699,699,699,699,699,699,699,699,699,699,699,699,699,699,699,コンパイル懐古会
238,696,696,696,696,696,696,696,696,696,696,696,696,696,696,696,696,696,696,696,696,696,696,696,696,696,696,696,696,696,696,696,696,696,696,696,696,696,696,696,ナノクローム
239,696,696,696,696,696,696,696,696,696,696,696,696,696,696,696,696,696,696,696,696,696,696,696,696,696,696,696,696,696,696,696,696,696,696,696,696,696,696,696,無課金修行部
240,696,696,696,696,696,696,696,696,696,696,696,696,696,696,696,696,696,696,696,696,696,696,696,696,696,696,696,696,696,696,696,696,696,696,696,696,696,696,696,既製ぷよ@隠居
241,695,695,695,695,695,695,695,695,695,695,695,695,695,695,695,695,695,695,695,695,695,695,695,695,695,695,695,695,695,695,695,695,695,695,695,695,695,695,695,ボギャーン
242,694,694,694,694,694,694,694,694,694,694,694,694,694,694,694,694,694,694,694,694,694,694,694,694,694,694,694,694,694,694,694,694,694,694,694,694,694,694,694,ＦＦＦ
243,693,693,693,693,693,693,693,693,693,693,693,693,693,693,693,693,693,693,693,693,693,693,693,693,693,693,693,693,693,693,693,693,693,693,693,693,693,693,693,甘いのが好き
244,691,691,691,691,691,691,691,691,691,691,691,691,691,691,691,691,691,691,691,691,691,691,691,691,691,691,691,691,691,691,691,691,691,691,691,691,691,691,691,ぷよラテ
245,691,691,691,691,691,691,691,691,691,691,691,691,691,691,691,691,691,691,691,691,691,691,691,691,691,691,691,691,691,691,691,691,691,691,691,691,691,691,691,ガンバ?王様祭り
246,690,690,690,690,690,690,690,690,690,690,690,690,690,690,690,690,690,690,690,690,690,690,690,690,690,690,690,690,690,690,690,690,690,690,690,690,690,690,690,Ragnar?k
247,688,688,688,688,688,688,688,688,688,688,688,688,688,688,688,688,688,688,688,688,688,688,688,688,688,688,688,688,688,688,688,688,688,688,688,688,688,688,688,比翼の不死鳥
248,687,687,687,687,687,687,687,687,687,687,687,687,687,687,687,687,687,687,687,687,687,687,687,687,687,687,687,687,687,687,687,687,687,687,687,687,687,687,687,アウトランナーズ
249,685,685,685,685,685,685,685,685,685,685,685,685,685,685,685,685,685,685,685,685,685,685,685,685,685,685,685,685,685,685,685,685,685,685,685,685,685,685,685,毎度おおきに！
250,684,684,684,684,684,684,684,684,684,684,684,684,684,684,684,684,684,684,684,684,684,684,684,684,684,684,684,684,684,684,684,684,684,684,684,684,684,684,684,風鈴ちりんΦ彡
251,682,682,682,682,682,682,682,682,682,682,682,682,682,682,682,682,682,682,682,682,682,682,682,682,682,682,682,682,682,682,682,682,682,682,682,682,682,682,682,redwing
252,681,681,681,681,681,681,681,681,681,681,681,681,681,681,681,681,681,681,681,681,681,681,681,681,681,681,681,681,681,681,681,681,681,681,681,681,681,681,681,ゴゴゴゴゴ
253,679,679,679,679,679,679,679,679,679,679,679,679,679,679,679,679,679,679,679,679,679,679,679,679,679,679,679,679,679,679,679,679,679,679,679,679,679,679,679,こでまりテラス
254,679,679,679,679,679,679,679,679,679,679,679,679,679,679,679,679,679,679,679,679,679,679,679,679,679,679,679,679,679,679,679,679,679,679,679,679,679,679,679,むかきんぐだーむ
255,679,679,679,679,679,679,679,679,679,679,679,679,679,679,679,679,679,679,679,679,679,679,679,679,679,679,679,679,679,679,679,679,679,679,679,679,679,679,679,寝ながら進む。
256,679,679,679,679,679,679,679,679,679,679,679,679,679,679,679,679,679,679,679,679,679,679,679,679,679,679,679,679,679,679,679,679,679,679,679,679,679,679,679,虹-niji-
257,679,679,679,679,679,679,679,679,679,679,679,679,679,679,679,679,679,679,679,679,679,679,679,679,679,679,679,679,679,679,679,679,679,679,679,679,679,679,679,隣の芝生
258,679,679,679,679,679,679,679,679,679,679,679,679,679,679,679,679,679,679,679,679,679,679,679,679,679,679,679,679,679,679,679,679,679,679,679,679,679,679,679,TUTAYA川越
259,678,678,678,678,678,678,678,678,678,678,678,678,678,678,678,678,678,678,678,678,678,678,678,678,678,678,678,678,678,678,678,678,678,678,678,678,678,678,678,おこたでアイス
260,678,678,678,678,678,678,678,678,678,678,678,678,678,678,678,678,678,678,678,678,678,678,678,678,678,678,678,678,678,678,678,678,678,678,678,678,678,678,678,のりのりトマト?
261,677,677,677,677,677,677,677,677,677,677,677,677,677,677,677,677,677,677,677,677,677,677,677,677,677,677,677,677,677,677,677,677,677,677,677,677,677,677,677,??????
262,677,677,677,677,677,677,677,677,677,677,677,677,677,677,677,677,677,677,677,677,677,677,677,677,677,677,677,677,677,677,677,677,677,677,677,677,677,677,677,?のんびり隠居?
263,676,676,676,676,676,676,676,676,676,676,676,676,676,676,676,676,676,676,676,676,676,676,676,676,676,676,676,676,676,676,676,676,676,676,676,676,676,676,676,ほげほげの里
264,674,674,674,674,674,674,674,674,674,674,674,674,674,674,674,674,674,674,674,674,674,674,674,674,674,674,674,674,674,674,674,674,674,674,674,674,674,674,674,猪突猛進
265,674,674,674,674,674,674,674,674,674,674,674,674,674,674,674,674,674,674,674,674,674,674,674,674,674,674,674,674,674,674,674,674,674,674,674,674,674,674,674,†Bible†
266,674,674,674,674,674,674,674,674,674,674,674,674,674,674,674,674,674,674,674,674,674,674,674,674,674,674,674,674,674,674,674,674,674,674,674,674,674,674,674,真紅の世界へGO
267,674,674,674,674,674,674,674,674,674,674,674,674,674,674,674,674,674,674,674,674,674,674,674,674,674,674,674,674,674,674,674,674,674,674,674,674,674,674,674,☆りぼーん☆
268,673,673,673,673,673,673,673,673,673,673,673,673,673,673,673,673,673,673,673,673,673,673,673,673,673,673,673,673,673,673,673,673,673,673,673,673,673,673,673,ぴたごらスイッチ
269,673,673,673,673,673,673,673,673,673,673,673,673,673,673,673,673,673,673,673,673,673,673,673,673,673,673,673,673,673,673,673,673,673,673,673,673,673,673,673,けにくら！
270,672,672,672,672,672,672,672,672,672,672,672,672,672,672,672,672,672,672,672,672,672,672,672,672,672,672,672,672,672,672,672,672,672,672,672,672,672,672,672,∞ぷるんちょ∞
271,671,671,671,671,671,671,671,671,671,671,671,671,671,671,671,671,671,671,671,671,671,671,671,671,671,671,671,671,671,671,671,671,671,671,671,671,671,671,671,ＬＥ?ＣＩＥＬ
272,671,671,671,671,671,671,671,671,671,671,671,671,671,671,671,671,671,671,671,671,671,671,671,671,671,671,671,671,671,671,671,671,671,671,671,671,671,671,671,水曜日は野菜の日
273,671,671,671,671,671,671,671,671,671,671,671,671,671,671,671,671,671,671,671,671,671,671,671,671,671,671,671,671,671,671,671,671,671,671,671,671,671,671,671,FEVER!
274,670,670,670,670,670,670,670,670,670,670,670,670,670,670,670,670,670,670,670,670,670,670,670,670,670,670,670,670,670,670,670,670,670,670,670,670,670,670,670,★リトルスター★
275,669,669,669,669,669,669,669,669,669,669,669,669,669,669,669,669,669,669,669,669,669,669,669,669,669,669,669,669,669,669,669,669,669,669,669,669,669,669,669,ニャンコさん
276,669,669,669,669,669,669,669,669,669,669,669,669,669,669,669,669,669,669,669,669,669,669,669,669,669,669,669,669,669,669,669,669,669,669,669,669,669,669,669,☆まりもの里☆
277,669,669,669,669,669,669,669,669,669,669,669,669,669,669,669,669,669,669,669,669,669,669,669,669,669,669,669,669,669,669,669,669,669,669,669,669,669,669,669,ぷよぷよ通！？
278,668,668,668,668,668,668,668,668,668,668,668,668,668,668,668,668,668,668,668,668,668,668,668,668,668,668,668,668,668,668,668,668,668,668,668,668,668,668,668,かみまみた♪
279,668,668,668,668,668,668,668,668,668,668,668,668,668,668,668,668,668,668,668,668,668,668,668,668,668,668,668,668,668,668,668,668,668,668,668,668,668,668,668,ウォッカコーヒー
280,667,667,667,667,667,667,667,667,667,667,667,667,667,667,667,667,667,667,667,667,667,667,667,667,667,667,667,667,667,667,667,667,667,667,667,667,667,667,667,モモレオ
281,667,667,667,667,667,667,667,667,667,667,667,667,667,667,667,667,667,667,667,667,667,667,667,667,667,667,667,667,667,667,667,667,667,667,667,667,667,667,667,のりのりキノコ?
282,667,667,667,667,667,667,667,667,667,667,667,667,667,667,667,667,667,667,667,667,667,667,667,667,667,667,667,667,667,667,667,667,667,667,667,667,667,667,667,働くおじさん
283,664,664,664,664,664,664,664,664,664,664,664,664,664,664,664,664,664,664,664,664,664,664,664,664,664,664,664,664,664,664,664,664,664,664,664,664,664,664,664,ブラザーフット
284,664,664,664,664,664,664,664,664,664,664,664,664,664,664,664,664,664,664,664,664,664,664,664,664,664,664,664,664,664,664,664,664,664,664,664,664,664,664,664,1日1時間まで
285,664,664,664,664,664,664,664,664,664,664,664,664,664,664,664,664,664,664,664,664,664,664,664,664,664,664,664,664,664,664,664,664,664,664,664,664,664,664,664,いちにさん???
286,664,664,664,664,664,664,664,664,664,664,664,664,664,664,664,664,664,664,664,664,664,664,664,664,664,664,664,664,664,664,664,664,664,664,664,664,664,664,664,カラマギア
287,664,664,664,664,664,664,664,664,664,664,664,664,664,664,664,664,664,664,664,664,664,664,664,664,664,664,664,664,664,664,664,664,664,664,664,664,664,664,664,?ほんわカニ鍋?
288,663,663,663,663,663,663,663,663,663,663,663,663,663,663,663,663,663,663,663,663,663,663,663,663,663,663,663,663,663,663,663,663,663,663,663,663,663,663,663,るりあん♪
289,663,663,663,663,663,663,663,663,663,663,663,663,663,663,663,663,663,663,663,663,663,663,663,663,663,663,663,663,663,663,663,663,663,663,663,663,663,663,663,Fate#Ω#
290,662,662,662,662,662,662,662,662,662,662,662,662,662,662,662,662,662,662,662,662,662,662,662,662,662,662,662,662,662,662,662,662,662,662,662,662,662,662,662,レプレ
291,661,661,661,661,661,661,661,661,661,661,661,661,661,661,661,661,661,661,661,661,661,661,661,661,661,661,661,661,661,661,661,661,661,661,661,661,661,661,661,ΑLLFREE
292,661,661,661,661,661,661,661,661,661,661,661,661,661,661,661,661,661,661,661,661,661,661,661,661,661,661,661,661,661,661,661,661,661,661,661,661,661,661,661,のびのびふもっふ
293,659,659,659,659,659,659,659,659,659,659,659,659,659,659,659,659,659,659,659,659,659,659,659,659,659,659,659,659,659,659,659,659,659,659,659,659,659,659,659,GARO〜♪
294,659,659,659,659,659,659,659,659,659,659,659,659,659,659,659,659,659,659,659,659,659,659,659,659,659,659,659,659,659,659,659,659,659,659,659,659,659,659,659,月の光?
295,659,659,659,659,659,659,659,659,659,659,659,659,659,659,659,659,659,659,659,659,659,659,659,659,659,659,659,659,659,659,659,659,659,659,659,659,659,659,659,月の雫?.｡?°
296,659,659,659,659,659,659,659,659,659,659,659,659,659,659,659,659,659,659,659,659,659,659,659,659,659,659,659,659,659,659,659,659,659,659,659,659,659,659,659,オレオ*
297,659,659,659,659,659,659,659,659,659,659,659,659,659,659,659,659,659,659,659,659,659,659,659,659,659,659,659,659,659,659,659,659,659,659,659,659,659,659,659,まろん茶
298,659,659,659,659,659,659,659,659,659,659,659,659,659,659,659,659,659,659,659,659,659,659,659,659,659,659,659,659,659,659,659,659,659,659,659,659,659,659,659,新生メタファリカ
299,658,658,658,658,658,658,658,658,658,658,658,658,658,658,658,658,658,658,658,658,658,658,658,658,658,658,658,658,658,658,658,658,658,658,658,658,658,658,658,レッツモーフィン
300,657,657,657,657,657,657,657,657,657,657,657,657,657,657,657,657,657,657,657,657,657,657,657,657,657,657,657,657,657,657,657,657,657,657,657,657,657,657,657,モノクロドーナツ
301,657,657,657,657,657,657,657,657,657,657,657,657,657,657,657,657,657,657,657,657,657,657,657,657,657,657,657,657,657,657,657,657,657,657,657,657,657,657,657,みすてりあす。
302,656,656,656,656,656,656,656,656,656,656,656,656,656,656,656,656,656,656,656,656,656,656,656,656,656,656,656,656,656,656,656,656,656,656,656,656,656,656,656,ぼっち魔導師っ！
303,656,656,656,656,656,656,656,656,656,656,656,656,656,656,656,656,656,656,656,656,656,656,656,656,656,656,656,656,656,656,656,656,656,656,656,656,656,656,656,こんぱいるクラブ
304,655,655,655,655,655,655,655,655,655,655,655,655,655,655,655,655,655,655,655,655,655,655,655,655,655,655,655,655,655,655,655,655,655,655,655,655,655,655,655,ナゾプヨ
305,655,655,655,655,655,655,655,655,655,655,655,655,655,655,655,655,655,655,655,655,655,655,655,655,655,655,655,655,655,655,655,655,655,655,655,655,655,655,655,ポレポレ村夢番地
306,654,654,654,654,654,654,654,654,654,654,654,654,654,654,654,654,654,654,654,654,654,654,654,654,654,654,654,654,654,654,654,654,654,654,654,654,654,654,654,ペンギン7匹☆彡
307,654,654,654,654,654,654,654,654,654,654,654,654,654,654,654,654,654,654,654,654,654,654,654,654,654,654,654,654,654,654,654,654,654,654,654,654,654,654,654,凱歌ノ記憶
308,654,654,654,654,654,654,654,654,654,654,654,654,654,654,654,654,654,654,654,654,654,654,654,654,654,654,654,654,654,654,654,654,654,654,654,654,654,654,654,ぴーちゃん隊
309,653,653,653,653,653,653,653,653,653,653,653,653,653,653,653,653,653,653,653,653,653,653,653,653,653,653,653,653,653,653,653,653,653,653,653,653,653,653,653,☆きずな☆
310,651,651,651,651,651,651,651,651,651,651,651,651,651,651,651,651,651,651,651,651,651,651,651,651,651,651,651,651,651,651,651,651,651,651,651,651,651,651,651,海外在住の日本人
311,649,649,649,649,649,649,649,649,649,649,649,649,649,649,649,649,649,649,649,649,649,649,649,649,649,649,649,649,649,649,649,649,649,649,649,649,649,649,649,美味しい紅茶の泉
312,648,648,648,648,648,648,648,648,648,648,648,648,648,648,648,648,648,648,648,648,648,648,648,648,648,648,648,648,648,648,648,648,648,648,648,648,648,648,648,（株）ぷよぷよ
313,646,646,646,646,646,646,646,646,646,646,646,646,646,646,646,646,646,646,646,646,646,646,646,646,646,646,646,646,646,646,646,646,646,646,646,646,646,646,646,?ISLAND?
314,645,645,645,645,645,645,645,645,645,645,645,645,645,645,645,645,645,645,645,645,645,645,645,645,645,645,645,645,645,645,645,645,645,645,645,645,645,645,645,超初心者ポコリン
315,645,645,645,645,645,645,645,645,645,645,645,645,645,645,645,645,645,645,645,645,645,645,645,645,645,645,645,645,645,645,645,645,645,645,645,645,645,645,645,☆目指せＳ組☆
316,644,644,644,644,644,644,644,644,644,644,644,644,644,644,644,644,644,644,644,644,644,644,644,644,644,644,644,644,644,644,644,644,644,644,644,644,644,644,644,LTE?
317,644,644,644,644,644,644,644,644,644,644,644,644,644,644,644,644,644,644,644,644,644,644,644,644,644,644,644,644,644,644,644,644,644,644,644,644,644,644,644,n?a　募集中
318,643,643,643,643,643,643,643,643,643,643,643,643,643,643,643,643,643,643,643,643,643,643,643,643,643,643,643,643,643,643,643,643,643,643,643,643,643,643,643,月裏
319,643,643,643,643,643,643,643,643,643,643,643,643,643,643,643,643,643,643,643,643,643,643,643,643,643,643,643,643,643,643,643,643,643,643,643,643,643,643,643,ゼロ鎮魂歌
320,642,642,642,642,642,642,642,642,642,642,642,642,642,642,642,642,642,642,642,642,642,642,642,642,642,642,642,642,642,642,642,642,642,642,642,642,642,642,642,にわかあめ
321,641,641,641,641,641,641,641,641,641,641,641,641,641,641,641,641,641,641,641,641,641,641,641,641,641,641,641,641,641,641,641,641,641,641,641,641,641,641,641,劇団ココピーチ☆
322,639,639,639,639,639,639,639,639,639,639,639,639,639,639,639,639,639,639,639,639,639,639,639,639,639,639,639,639,639,639,639,639,639,639,639,639,639,639,639,キイロイトリ?
323,639,639,639,639,639,639,639,639,639,639,639,639,639,639,639,639,639,639,639,639,639,639,639,639,639,639,639,639,639,639,639,639,639,639,639,639,639,639,639,真☆青茶
324,635,635,635,635,635,635,635,635,635,635,635,635,635,635,635,635,635,635,635,635,635,635,635,635,635,635,635,635,635,635,635,635,635,635,635,635,635,635,635,◆大人ギルド◆
325,634,634,634,634,634,634,634,634,634,634,634,634,634,634,634,634,634,634,634,634,634,634,634,634,634,634,634,634,634,634,634,634,634,634,634,634,634,634,634,教授の一番弟子
326,634,634,634,634,634,634,634,634,634,634,634,634,634,634,634,634,634,634,634,634,634,634,634,634,634,634,634,634,634,634,634,634,634,634,634,634,634,634,634,アシュブロ☆
327,634,634,634,634,634,634,634,634,634,634,634,634,634,634,634,634,634,634,634,634,634,634,634,634,634,634,634,634,634,634,634,634,634,634,634,634,634,634,634,チームお代官様
328,633,633,633,633,633,633,633,633,633,633,633,633,633,633,633,633,633,633,633,633,633,633,633,633,633,633,633,633,633,633,633,633,633,633,633,633,633,633,633,ぷよずねっと
329,632,632,632,632,632,632,632,632,632,632,632,632,632,632,632,632,632,632,632,632,632,632,632,632,632,632,632,632,632,632,632,632,632,632,632,632,632,632,632,?Nadja?
330,632,632,632,632,632,632,632,632,632,632,632,632,632,632,632,632,632,632,632,632,632,632,632,632,632,632,632,632,632,632,632,632,632,632,632,632,632,632,632,スナ
pickUpBU
