,2015/11/25 20:17:53,2015/11/25 20:18:00,2015/11/25 20:21:52,2015/11/25 20:41:59,2015/11/25 21:17:47
pickUpTU
勇,-,232639,232853,233340,233748,
,,1,0.00467289719626168,0.00205338809034908,0.00245098039215686,
,,-,0.2,0.2,0.2,
ま,-,232380,232826,76349,83663,
1,,-,0.2,-,0.000136724090784796,
リリス,-,191416,193384,209128,-,
,,1,0.000508130081300813,6.35162601626016e-05,outofrank,,
1なおたん,-,163498,164242,175881,-,
,,1,0.00134408602150538,8.59180341953776e-05,outofrank,,
1こずえる,-,158870,159905,173360,-,
,,1,0.000966183574879227,7.43218134522482e-05,outofrank,,
1pickUpRank-,

1,232648,232639,232853,244148
2,232437,232380,232826,233340,264202,Dizzy?
3,191416,191416,193384,209128,233748,勇?Clair
4,163498,163498,164242,175881,231974,リリス＊BA中
5,158870,158870,160318,173360,194080,こずえる
6,157900,157546,159905,168502,193914,なおたん??◎
7,148296,148296,149769,154509,190554,クラブ募集???
8,139402,139402,140794,149842,175683,しのん
9,129805,129805,130075,137315,167242,Yosshi?☆
10,111519,111519,111519,116109,151805,るかるもん
11,106830,106830,106830,107442,123048,九州愚連隊◇会長
12,99576,99576,99576,104287,119184,FeMi9
13,99490,99490,99490,104238,113451,ゆき?エーミール
14,99103,99103,99319,100323,110943,ババンと寝てい隊
15,98052,98052,98052,99490,110227,馬券師池田
16,95742,95742,97698,98052,105556,めいぷる??
17,90922,90922,91606,95918,103488,はく九州沖縄
18,90630,90630,90630,95026,103408,ポコポコ
19,85456,85456,87256,92656,102948,おしよ
20,85211,85211,85211,90948,100762,Mumin谷♪
21,84474,84474,84474,88764,99490,栄枯盛衰??
22,83198,83198,83728,86936,97056,はりぃ☆ながれ星
23,79836,79836,81312,85211,96392,るるのの?
24,79368,79368,79836,84686,90948,(-□?□-)
25,78440,78440,78440,81015,88820,キヨリーヌ
26,76744,76744,77046,80880,88226,チェルオ
27,76349,76349,76349,77182,86996,きんぐ☆
28,76308,76308,76308,76349,84458,カリーナ?調整×
29,74040,74040,76200,76308,83663,まゆ?くれーる募
30,73424,73424,73972,76200,83652,じゅん☆彡
31,73009,73009,73424,73424,80142,ねす
32,71025,71025,71025,73236,78324,ワンポ
33,68062,68062,69142,71862,76200,マッチ・マン
34,65780,66040,66410,71850,74611,さぁや○
35,65722,65780,66358,71110,73860,卓@ジュビレ
36,63400,63736,64072,71025,72132,もねちん?メン募
37,62650,62923,63520,69700,71290,之
38,62617,62617,62923,66252,71253,愛?
39,61267,61267,61884,65750,71025,ゴリ男　
40,61260,61260,61267,64063,69126,よしえ
41,60436,60436,61087,61267,68155,とら◯
42,59751,59751,60452,61209,67180,Wみーちゃん?
43,58490,58490,59751,61178,66515,あおい×
44,57930,57930,57930,60452,66252,?tomo?
45,57029,57029,57107,59751,62861,ゆゆゆ??
46,56709,56709,57029,59356,62128,ハウル????*
47,56596,56596,56709,58858,62028,龍王
48,56086,56123,56707,58142,61526,(?????)×
49,55432,55432,56596,57452,61267,?タリー?
50,55123,55123,55610,57164,60580,katsu
51,54566,54568,55432,57029,59751,ひなち〜?
52,54088,54566,55072,56709,58858,バビンと寝てい隊
53,54064,54088,54088,56707,58338,κυυ
54,53290,53290,53927,56596,57911,N??
55,52931,52931,53708,56100,57158,昭希
56,52148,52148,53290,55432,57097,べんべん???
57,51272,51272,52576,53290,57040,ハハンと寝てい隊
58,50761,50761,51272,52105,56709,りっすー
59,49980,49980,50761,52068,56596,紗空紗☆彡?◎
60,49644,49644,50089,51897,56418,まさみん☆L○
61,49076,49076,49800,51472,55630,眠り猫
62,48864,48877,49644,51386,55432,4443
63,48271,48864,49076,51272,55252,ﾘﾗｸﾏｺ?
64,47988,47988,47988,50772,54130,しゅう
65,47640,47640,47792,50761,53834,?まーちゃん
66,46908,46908,47745,49812,53763,☆煌☆
67,46310,46770,46908,49398,53632,ぷよのあばれる君
68,46281,46310,46828,49152,53416,ちょこ
69,46273,46281,46770,49079,53290,KEN☆彡
70,46206,46273,46692,49076,53010,オズ
71,46002,46028,46281,48203,52987,NY55
72,45758,46002,46273,47988,52224,イカ
73,45646,45646,46002,47622,51952,泰地
74,45624,45624,45646,47518,51897,くる?お風呂×
75,45518,45518,45624,46908,51629,りんに遊ばれ隊
76,45442,45442,45518,46770,51627,Carlos
77,44836,44836,45301,46545,51404,ぴろし?
78,44608,44608,44836,46463,51400,いっしー○
79,44562,44562,44562,46281,51272,std
80,44534,44534,44555,46273,50761,かよちん?◯?
81,44496,44496,44496,46002,50760,???☆
82,43980,43980,44406,45646,50492,くまーもん?
83,43542,43542,43980,45624,50458,ぷよりん
84,42912,42912,43644,45495,49076,タケ
85,42555,42629,42912,45457,48501,ポンちゃん?
86,42399,42555,42887,45344,47334,ジーザス◆湖??
87,42371,42534,42695,45259,46917,ゆかまま
88,42326,42399,42555,44496,46908,かおりワールド募
89,41892,41892,42399,43980,46775,キダムスキー♪
90,41835,41835,41892,43632,46692,7777777○
91,41700,41700,41835,42912,46572,大北剛
92,41459,41459,41700,42660,46371,隠居さん募集中?
93,40890,40890,41478,42612,46273,ももんじゃん×
94,40524,40524,40890,42596,46236,ひでこ
95,40410,40410,40539,42479,46143,まちゃん?
96,40354,40354,40532,42399,45930,?LUNA?
97,39993,39993,40524,42275,45910,(?′???)
98,39978,39978,40410,42044,45474,kody-
99,39894,39804,40354,41988,45457,ミルキー@LTE
100,39804,39650,39978,41970,45170,紅維
101,39650,39570,39919,41892,44962,ゆき
102,39570,39416,39876,41835,44872,?ご陽気なん?
103,39416,39366,39858,41754,44730,パーパラ@本気
104,39313,38964,39804,41700,44668,ぱぱ♪
105,38964,38892,39570,41548,44496,かず×
106,38892,38864,39416,41518,44133,ぎりわん
107,38864,38744,38964,41478,44130,戸前
108,38744,38707,38864,41339,43956,ひろぽん
109,38565,38565,38853,40959,43062,ろびんず○
110,38549,38549,38744,40890,42960,せいすいろん
111,38535,38535,38549,40869,42954,SAMTIN
112,38468,38299,38544,40524,42912,うさぎ　
113,38334,38231,38535,40410,42648,こうちゃん
114,38299,38212,38476,40354,42589,魔王?○
115,38212,38121,38334,40120,42390,ジン?
116,38121,37998,38299,39978,42300,のりたま?
117,38056,37998,38212,39919,42292,ヴェルカ
118,38040,37952,38190,39804,42275,AKI
119,38000,37905,38121,39570,41999,(☆∀☆)
120,37998,37860,37998,39511,41988,司組初代組長☆
121,37998,37998,37998,39416,41949,ｒｏｋｏ
122,37860,37860,37860,39299,41847,こなっち
123,37650,37650,37790,39154,41616,べる×
124,37575,37575,37744,39045,41339,あんず
125,37485,37485,37650,38864,41210,ヨッシー
126,37482,37482,37599,38744,41134,りょう
127,37389,37389,37575,38724,41123,麦
128,37386,37386,37485,38656,40992,ままりーな?
129,36206,36206,37482,38604,40932,たまにー！
130,36131,36131,37386,38535,40890,大河?彡
131,36050,36050,36326,38430,40680,かぶきん♪
132,35854,35854,36206,38318,40524,奈月*ﾟ
133,35729,35729,36131,38222,40404,☆mao☆
134,35288,35320,36050,38212,40368,のぞみ◎
135,35260,35288,35854,38034,40266,アメリア○
136,35215,35260,35729,38002,40262,あつみ
137,35150,35150,35425,37998,40120,コッタ
138,35081,35081,35288,37998,40104,Sora
139,34910,34910,35081,37694,40062,アルレンジャー
140,34696,34774,34939,37584,39894,しば
141,34693,34696,34784,37386,39835,Linda??
142,34602,34693,34774,36504,39588,かずにゃん
143,34527,34602,34696,36206,39416,勝しゃんド?
144,34518,34527,34693,36131,39280,太陽拳5倍◎◎
145,34508,34518,34654,36050,39194,ゆいたん?
146,34452,34508,34614,35952,39188,岡田先生
147,34423,34452,34602,35854,39172,しろたんΦωΦ
148,34404,34423,34527,35850,39154,deco
149,34398,34404,34518,35652,39047,無銘刀[禊]
150,34331,34331,34452,35530,38871,桜エビ
151,34256,34256,34423,35494,38870,みもら食堂募集中
152,34183,34183,34404,35493,38636,彩
153,34135,34135,34331,35485,38418,ゆっち
154,33834,33834,34326,34826,38350,??????☆
155,33824,33824,34135,34789,38300,ケンケン
156,33808,33808,34020,34774,38251,まとー
157,33787,33787,33834,34702,38212,＊まっつん＊
158,33764,33764,33824,34696,38179,jun?
159,33706,33706,33808,34602,38172,alte
160,33697,33697,33787,34592,38162,☆G☆
161,33526,33526,33764,34504,37998,ネコひめ?
162,33516,33516,33706,34452,37998,三連勝
163,33396,33396,33697,34423,37884,すず??
164,33355,33355,33526,34412,37631,ぷよぷよ◯
165,33276,33276,33516,34404,37581,ヒロキ
166,33274,33274,33492,34196,37464,So?眠り姫
167,33240,33240,33396,34135,37420,そわり?｡?
168,32976,32976,33355,34109,37386,かずのこ
169,32964,32964,33344,33976,37286,＊ひろむ＊癒○
170,32904,32904,33274,33834,36440,ＫＡＺＵ
171,32833,32833,33240,33808,36330,????
172,32788,32788,32976,33787,36260,とっくん
173,32652,32652,32964,33706,36131,ちゃばた
174,32644,32644,32904,33697,36084,まろん
175,32607,32607,32866,33526,35856,モカさん
176,32558,32558,32833,33355,35854,?柑橘??L◎
177,32456,32490,32788,33294,35850,奈落
178,32432,32456,32644,33291,35670,omen
179,32418,32432,32607,33274,35530,えるえる○
180,32208,32418,32432,33078,35304,チワワおやじ×
181,32135,32208,32208,32964,35302,まいまい
182,32055,32135,32135,32936,35028,びカレーう丼
183,31878,32055,32055,32850,35020,KATZEＬ完売
184,31754,31754,31754,32833,34977,チワワおやじ×
185,31632,31632,31632,32593,34933,めだお○
186,31596,31596,31596,32568,34898,しょう
187,31591,31591,31591,32480,34706,(コ･ω･)ン〇
188,31465,31465,31465,32440,34602,わかこ
189,31456,31456,31456,32432,34500,新茶?
190,31433,31433,31433,32407,34496,ゆきママ
191,31288,31288,31288,32368,34423,となみ
192,31254,31254,31254,32272,34362,ロー
193,31055,31206,31206,32208,34196,いちご
194,31044,31055,31155,32124,34109,?液状えり2号?
195,31040,31044,31055,32000,34043,もんじゃ
196,31038,31040,31044,31992,33906,わかみ
197,31035,31035,31040,31972,33834,雅版?ソロギルド
198,31016,31016,31035,31968,33787,まさ
199,30945,30945,31016,31798,33785,こめ
200,30652,30736,30962,31786,33774,ミュウ
201,30651,30651,30708,31754,33714,はれ、
202,30630,30630,30651,31712,33697,風@れっぷよ募×
203,30441,30441,30630,31649,33664,A.ロッド
204,30406,30406,30441,31641,33396,アッキー
205,30169,30192,30406,31632,33382,ゆかちん?
206,30144,30169,30399,31608,33360,みなとん†
207,29993,30144,30311,31591,33355,キラキラ
208,29855,29993,30169,31590,33274,のり兄
209,29844,29855,30144,31575,33180,セバスチャン
210,29820,29844,29993,31566,33180,マルフク多忙
211,29820,29820,29855,31465,33180,テル
212,29740,29813,29844,31433,33180,テル
213,29730,29740,29820,31410,33140,水ノ都桜*KN
214,29661,29730,29740,31402,33071,ハムスター
215,29604,29661,29730,31350,32936,黒ねこ??
216,29434,29604,29661,31254,32830,クテイ
217,29315,29434,29604,31206,32741,アオ
218,29214,29214,29434,31192,32656,ネココ○
219,29100,29100,29214,31128,32600,けいこ丸
220,28956,28956,29112,31120,32540,コナン○
221,28938,28938,29100,31040,32518,?きゃしー?
222,28900,28900,28956,31035,32505,すっぴんテスター
223,28876,28876,28938,30976,32432,?きのこ鍋?
224,28855,28855,28900,30945,32272,ちゃる??
225,28692,28692,28876,30898,32220,NY999Ｌ×
226,28671,28671,28855,30828,32148,ゆず
227,28638,28638,28799,30441,32103,York　姫
228,28500,28500,28671,30432,32055,ひろちゃま！
229,28483,28483,28638,30311,32034,ゆみ
230,28347,28347,28483,30300,32000,ﾌｧﾝｷｰ怪盗募
231,28292,28292,28377,30169,31992,ただし☆
232,28236,28236,28347,30034,31972,Dom???
233,28225,28225,28292,30027,31890,yukko多忙
234,28164,28164,28236,29993,31832,もぐ。　
235,28120,28120,28210,29975,31798,カエサル
236,28090,28090,28164,29888,31786,るるる
237,28000,28000,28120,29844,31714,ゆーし??今から
238,27720,27720,28090,29740,31656,Clair?まさ
239,27715,27715,27888,29730,31637,星空?L完離席中
240,27709,27709,27860,29676,31512,†斬月L15時〜
241,27680,27680,27816,29614,31486,結奈♀URU↑
242,27660,27660,27720,29212,31465,おもひでらむらむ
243,27655,27655,27715,29100,31410,侍くん
244,26855,26855,27709,28956,31402,あきんどん×
245,26775,26775,27655,28938,31248,マツ?
246,26763,26763,27223,28908,31240,Gally
247,26740,26740,26855,28900,31230,ハラス
248,26713,26713,26836,28671,31120,らと◯
249,26584,26584,26775,28656,31070,☆6くれす
250,26551,26551,26713,28647,31062,かつ
251,26469,26469,26584,28483,31055,?シュクル?
252,26446,26446,26469,28455,31040,ひろちゃん
253,26389,26389,26446,28438,30936,MYU
254,26282,26282,26389,28410,30898,お琴さん?
255,26230,26230,26282,28377,30879,so...
256,26176,26176,26236,28327,30762,女豹かぼす?
257,26017,26017,26230,28210,30615,フィガロ
258,26014,26014,26176,28204,30432,朱雀
259,25968,25968,26168,28164,30428,ルーシィ
260,25936,25936,26047,28090,30396,手羽先
261,25930,25930,26017,28024,30365,デフォ子○
262,25924,25924,26014,27952,30360,1104
263,25886,25886,25930,27912,30300,?ジュリアラ?
264,25792,25792,25924,27895,30296,@明智探偵
265,25766,25766,25886,27835,30237,のりちゃん?
266,25736,25736,25864,27746,30108,ψハーデスψ入院
267,25736,25736,25792,27720,29844,miku×
268,25636,25636,25766,27715,29822,たた
269,25630,25630,25738,27709,29700,Le.Gecko
270,25623,25623,25736,26818,29519,おのりさ
271,25606,25606,25736,26796,29474,おぎ
272,25585,25585,25630,26775,29263,本日バトアリL○
273,25564,25564,25630,26713,29212,のりん(???)
274,25487,25487,25623,26707,29200,HOUSE
275,25117,25247,25585,26674,29196,愉快な仲間募集☆
276,25115,25117,25564,26650,28938,ちょたぽん?
277,25110,25115,25492,26576,28922,shachi○
278,25030,25110,25487,26469,28919,tky
279,24976,25030,25446,26389,28776,アルマーニ
280,24970,24976,25442,26348,28751,柳川ゆう
281,24927,24970,25387,26282,28690,ちり紙ちゅん
282,24901,24927,25295,26227,28681,しま?
283,24901,24901,25162,26208,28592,祝スタバマン?
284,24857,24901,25117,26200,28483,WING?仕事×
285,24826,24826,25115,26176,28482,ハイビ
286,24790,24790,25110,26168,28461,雪男書店◯
287,24736,24736,25030,26100,28452,すん
288,24711,24711,24970,26074,28451,りく
289,24685,24685,24958,26017,28439,ひでこ?"%%
290,24684,24684,24927,25930,28438,りく
291,24646,24646,24901,25924,28398,あぐ
292,24628,24628,24901,25886,28332,2525step
293,24583,24583,24826,25877,28286,たいせい
294,24510,24510,24800,25864,28185,ちろ
295,24506,24506,24790,25736,28125,しげっち
296,24295,24295,24767,25736,28125,あず
297,24262,24262,24750,25623,28027,ちょり?
298,24260,24260,24736,25585,28000,じょい
299,24214,24214,24711,25487,27925,タワーコート
300,24204,24204,24685,25446,27895,れん
301,24200,24199,24684,25442,27768,サムライKEN
302,24200,24127,24646,25335,27720,ようすけ
303,24199,24100,24628,25231,27715,ちか?
304,24148,24100,24583,25217,27046,天魔☆覇王
305,24127,24064,24506,25117,26818,ヤマテツ
306,24100,24036,24482,25115,26713,チュンチュン
307,24064,24030,24400,25110,26510,修太郎
308,24030,24004,24329,25060,26469,†ショウヤ†
309,24004,23974,24295,25030,26454,ごる兄?
310,23974,23954,24262,24970,26389,刃月
311,23954,23911,24260,24927,26383,アーリ@L○
312,23911,23858,24214,24911,26365,もーりー◎%%
313,23858,23838,24204,24901,26282,〇りひとうわ??
314,23844,23806,24199,24900,26227,ふっち
315,23838,23776,24148,24826,26208,??こはるん○
316,23806,23758,24127,24820,26176,奨励会員
317,23776,23740,24064,24799,26168,ラーメンマン
318,23758,23708,24030,24750,26160,くうぴい
319,23740,23698,24004,24718,26140,まつげ
320,23698,23650,23974,24685,26048,のん
321,23650,23606,23954,24684,26017,デメテル
322,23606,23590,23894,24678,26010,もりたん
323,23590,23530,23858,24670,25930,MKO
324,23530,23522,23838,24628,25924,はるくん♪
325,23522,23497,23758,24592,25886,イッセー○
326,23497,23470,23740,24583,25877,えすちゃしごと×
327,23470,23401,23665,24506,25864,naoki
328,23401,23389,23650,24260,25808,RESAY?
329,23389,23381,23606,24220,25787,青☆彡○
330,23381,23363,23600,24214,25736,しゅん兄＠育児中
25708,としちん
